전시실명,전시명,전시시작일자,전시종료일자,전시상태,장소명,주관기관명,작가명,작품명,관람시간,관람정보,전자책URL,전자책명,전시이미지URL,전시이미지명,전시영문명,전시영문내용
1관,Into Drawing Plus,2024-01-19,2024-02-18,종료,소마미술관 1관 5전시실,국민체육진흥공단 / 소마미술관,"이채영, 김유정, 정혜련","회화, 설치, 영상, 아카이브자료 등",,메인전시(신소장품전) 관람 시 무료,,,/manage/upload_files/display/2023/11/16/e5c607a6-0cb9-4684-8487-5aacb7742a9c.jpg,포스터(인투플러스)-420x600-1116.jpg,Into Drawing PLUS,
1관,Into Drawing 37 계단 밑 깊은 어둠,2018-07-06,2018-07-22,종료,소마드로잉센터 전시실(제6전시실),국민체육진흥공단 소마미술관,전윤정 (Yunjung Chun),드로잉 90여점,"10:00~18:0010:00~18:00(입장마감 17:20)문화가 있는날(매월 마지막 주 수요일) 야간 연장개관(10:00~21:00, 입장마감 20:20)매주 월요일 휴관",메인전시 (일부러 불편하게) 관람시 무료관람,,,/manage/upload_files/display/2019/01/07/72bf0fdc-c48f-450a-a4be-c85f7f0afda0.jpg,인투37-포스터-최종.jpg,Into Drawing 37_Deep Gloom Beneath the Stairs,
1관,"Into Drawing 36 점점 느리게 그리고 여리게,점점 사라지듯이",2018-06-08,2018-06-24,종료,소마드로잉센터 전시실(제6전시실),국민체육진흥공단 소마미술관,이요나 Yona Lee,오브제 설치,"10:00~18:00(입장마감 17:20)문화가 있는날(매월 마지막 주 수요일) 야간 연장개관(10:00~21:00, 입장마감 20:20)매주 월요일 휴관",메인전시 (일부러 불편하게) 관람시 무료관람,,,/manage/upload_files/display/2019/01/07/bba91bac-8c09-400a-a2d8-de692b7950fd.jpg,인투36-포스터.jpg,Into Drawing 36_Perdendosi,
1관,몸 주제: 일부러 불편하게,2018-06-08,2018-08-19,종료,소마미술관 1 ~ 5전시실,국민체육진흥공단 소마미술관,"강기석, 강지윤, 고길숙, 김남현, 김지용, 신이피, 이은실, 이태욱, 이희명, 장서영, 장지아, 한계륜, 현주","회화, 드로잉, 사진, 조각, 영상, 설치 등 30여점","10:00~18:00(입장마감 17:20)문화가 있는날(매월 마지막 주 수요일) 야간 연장개관(10:00~21:00, 입장마감 20:20)매주 월요일 휴관","성인 3,000원, 청소년(13~24세) 2,000원, 어린이 1,000원성인 1,500원, 청소년(13~24세) 1,000원, 어린이 500원만 4세미만, 만 65세 이상, 국가유공자, 장애인 무료20인 이상 단체관람의 인솔교사 1명 무료재관람 고객 무료예술인 패스 소지자는 청소년 할인 요금 적용(2,000원)",/manage/upload_files/display/ebook/2019/01/08/fdb9f8fe-699c-4987-b17a-5d385e32f4dd.pdf,soma_일부러불편하게_최종.pdf,/manage/upload_files/display/2019/01/07/3cf28a57-00ea-48ae-b6d6-b34e38c8aa8e.jpg,소마-일부러-불편하게-포스터.jpg,DISCOMFORT ON PURPOSE,
1관,"작가 재조명: 황창배, 유쾌한 창작의 장막",2018-03-09,2018-05-20,종료,소마미술관 1 ~ 6전시실 및 로비,국민체육진흥공단 소마미술관,故 황창배 화가,"회화, 드로잉, 영상, 아카이브 등 200여점","10:00~18:00(입장마감 17:20)문화가 있는날(매월 마지막 주 수요일) 야간 연장개관(10:00~21:00, 입장마감 20:20)매주 월요일 휴관","성인 3,000원, 청소년(13~24세) 2,000원, 어린이 1,000원성인 1,500원, 청소년(13~24세) 1,000원, 어린이 500원만 4세미만, 만 65세 이상, 국가유공자, 장애인 무료20인 이상 단체관람의 인솔교사 1명 무료재관람 고객 무료예술인 패스 소지자는 청소년 할인 요금 적용(2,000원)",/manage/upload_files/display/ebook/2019/01/08/dfcf1619-d56a-4ab1-b584-0b9a45a81c8c.pdf,soma_황창배전.pdf,/manage/upload_files/display/2019/01/07/be24459e-85c2-4174-915c-5ae35ef6b035.jpg,SOMA_작가재조명-황창배_포스터OL.jpg,HWANG CHANG BAE : THE TENT OF DELIGHTS,
1관,2017 야외조각프로젝트 S,2017-07-21,2018-03-31,종료,소마미술관 주변 조각공원 일대,국민체육진흥공단 소마미술관,김창환/ 도수진/ 이수진,비스듬히 세워진 두 개의 선들(1988) 외 5작품,,,,,/manage/upload_files/display/2019/01/15/13cb1731-f0af-44ad-bbea-46fec33edaac.jpg,sculpture.jpg,SOMA Outdoor Project Project S,
1관,영국 국립미술관 테이트 명작전-Nude,2017-08-11,2018-02-04,종료,소마미술관 전관,"조선일보, 국민체육진흥공단, 테이트미술관 소마미술관, 한솔BBK","피카소, 마티스, 드가, 르누아르, 로댕, 헨리 무어, 윌리엄 터너, 윌렘 드 쿠닝, 루이즈 부르주아, 데이비드 호크니, 신디 셔먼, 사라 루카스 등 총 66명","회화, 조각, 드로잉 ,사진 등 총 122점","10:00~19:00(입장마감 18:00)문화가 있는날(매월 마지막 주 수요일) 야간 연장개관(10:00~21:00, 입장마감 20:00)도슨트 운영시간 : 오전 11시, 오후 5시","성인(19-64세) 13,000원, 청소년(13-18세) 9,000원, 어린이(5-12세) 6,000원성인(19-64세) 11,000원, 청소년(13-18세) 7,000원, 어린이(5-12세) 4,000원만 65세 이상, 국가유공자, 장애인 6,000원예술인 패스 소지자는 청소년 요금 적용만 48개월 미만 무료입장(부모 동반 시)문화가 있는 날 성인 7,000원 청소년 및 어린이 4,000원",,,/manage/upload_files/display/2019/01/07/32d2301b-8189-4c16-a25c-9423b97679e0.jpg,tate_poster_최종_outline-1.jpg,Nude : Masterpieces from Tate,
1관,뮤지엄 버스킹(Museum Busking),2017-05-12,2017-05-28,종료,"소마미술관 2~5전시실, 백남준 비디오 아트홀",국민체육진흥공단 소마미술관 국민체육진흥공단 소마미술관,"박지은, 신제현, 오종원, 이민혁, 정원연, 조명식, 최윤석, 프로젝트그룹 옆, 한받",퍼포먼스 설치 작품 40여점,10:00~18:00(입장마감 17:20)매주 월요일 휴관,"성인 3,000원, 청소년(13~24세) 2,000원, 어린이 1,000원성인 1,500원, 청소년(13~24세) 1,000원, 어린이 500원",,,/manage/upload_files/display/2019/01/15/c087946e-85af-47c3-8d70-17cc42543f21.jpg,뮤지엄 버스킹.JPG,Museum Busking,
1관,Into Drawing 35 살갗의 사건,2017-05-12,2017-05-28,종료,소마미술관 드로잉센터 전시실(제1전시실),국민체육진흥공단 소마미술관,고등어 Mackerel Safranski,"드로잉, 설치 등 10여점",10:00~18:00(입장마감 17:20)매주 월요일 휴관,메인전시 (내가 사는 피부) 관람 시 무료 관람,,,/manage/upload_files/display/2019/01/09/e5485a92-0096-4bde-96b0-880f863cffe2.jpg,인투35-포스터-최종.pdf_page_1.jpg,Into Drawing 35_Accident of Flesh,
1관,다이나믹 라이프,2005-09-15,2005-11-28,종료,소마미술관 제1~5전시실,소마미술관 / 국민체육진흥공단,"강영민,권여현,김경민,김익성,김일용,오상욱,이동재,임택,전상옥,정국택,최혜광","회화,조각,설치작품 약 30점",10:00~18:00(입장마감 17:00)매주 월요일 휴관,,,,/manage/upload_files/xhbt/image/2007020717242831340.jpg,2007020717242831340.jpg,Dynamin Life,
1관,Into Drawing 34 드로잉: 하늘에 딩동댕동 손가락비행체들,2017-04-14,2017-04-30,종료,소마미술관 드로잉센터 전시실(제1전시실),국민체육진흥공단 소마미술관,백기은 Kieun Beck,설치 영상 등 10여점,10:00~18:00(입장마감 17:20)매주 월요일 휴관,메인전시 (내가 사는 피부) 관람 시 무료 관람,,,/manage/upload_files/display/2019/01/08/003c21e8-1463-4a3c-964b-5dcc59674a8c.jpg,D2017_인투드로잉34-포스터.pdf_page_1.jpg,Into Drawing 34_Ding Dong Dang Dong Fingerplane,
1관,Into Drawing 33 개가 짖는다,2017-03-17,2017-04-02,종료,소마미술관 드로잉센터 전시실(제1전시실),국립체육진흥공단 소마미술관,박승예 Seungyea Park,"드로잉, 회화, 설치, 영상 등 20여점",10:00~18:00(입장마감 17:20)매주 월요일 휴관,메인전시 (내가 사는 피부) 관람 시 무료 관람,,,/manage/upload_files/display/2019/01/08/c6a4be52-7f85-4a40-a028-ee0b6a731905.jpg,D2017_인투드로잉33-포스터.pdf_page_1.jpg,Into Drawing 33_Dogs are Barking,
1관,내가 사는 피부,2017-03-17,2017-04-30,종료,"소마미술관 제2~5전시실, 비디오아트홀, 세미나실",국민체육진흥공단 소마미술관,"노상균, 김일용, 한효석, 강우영, 조혜진, 김  준,오를랑, 김성수, 장  숙, 김윤경, 정지필, 이원석,배찬효, 도로시 M 윤, 최영민, 정혜경, 이혜림, 조영각","회화, 조각, 사진, 설치, 영상 등 총 99점","10:00~18:00(입장마감 17:20)문화가 있는 날(매월 마지막 주 수요일) 야간 연장 개관(10:00~21:00, 입장마감 20:20)매주 월요일 휴관",메인 전시(어느 곳도 아닌 이곳) 관람 시 무료 관람 문화가 있는 날 전체 관람객 무료입장,,,/manage/upload_files/display/2019/01/15/d10454fc-1124-4733-b974-dedd66f3915c.jpg,내가 사는 피부.jpg,La Piel Que Habito,
1관,동작의 전환,2016-12-23,2017-02-26,종료,소마미술관 1~5전시실,국민체육진흥공단 소마미술관,"최상철, 최선 총 2명","회화, 조각, 설치, 영상 작품 60여 점","10:00~18:00(입장마감 17:20)문화가 있는 날(매월 마지막 주 수요일) 야간 연장 개관(10:00~21:00, 입장마감 20:20)매주 월요일 및 1월 1일, 설날 당일 휴관","성인 3,000원, 청소년(13~24세) 2,000원, 어린이 1,000원성인 1,500원, 청소년(13~24세) 1,000원, 어린이 500원문화가 있는 날 전체 관람객 무료입장",,,/manage/upload_files/display/2019/01/15/3acdef1d-c88f-46ed-b094-fc7375449c2e.jpg,동작의 전환.jpg,Transition of MOVEMENT,
1관,Into Drawing 32 원더 풀 라이프,2016-11-04,2016-11-20,종료,소마드로잉센터 전시실(제1전시실),국민체육진흥공단 소마미술관,김제민 Jeimin Kim,"드로잉, 회화, 설치, 영상 등 30여점",10:00~18:00(입장마감 17:20)매주 월요일 휴관,메인전시 (어느 곳도 아닌 이곳) 관람 시 무료 관람,,,/manage/upload_files/display/2019/01/09/62cd1613-633a-4769-ada8-816b870f0b57.jpg,인투드로잉 32-포스터-최종.pdf_page_1.jpg,Into Drawing 32_Wonder-Pul Life,
1관,Into Drawing 31 낮은 물음,2016-10-07,2016-10-23,종료,소마드로잉센터 전시실(제1전시실),국민체육진흥공단 소마미술관,박명미 Myungmi Park,"드로잉, 오브제, 회화, 설치, 영상 등 10여점","10:00~18:00(입장마감 17:20)문화가 있는 날(매월 마지막 주 수요일 및 금요일) 야간 연장 개관(10:00~21:00, 입장마감 20:20)문화의 달(2016년 9월 23일 ~ 10월 30일) 기존과 운영시간 동일매주 월요일 휴관",메인 전시(어느 곳도 아닌 이곳) 관람 시 무료 관람문화가 있는 날 전체 관람객 무료입장문화의 달 전체 관람객 무료입장,,,/manage/upload_files/display/2019/01/09/6126414e-bbf5-47d8-8c86-457df1b11f01.jpg,인투드로잉 31-포스터-최종.pdf_page_1.jpg,Into Drawing 31_The Low Question,
1관,Into Drawing 30 플루이드 네온,2016-09-09,2016-09-25,종료,소마드로잉센터 전시실(제1전시실),국민체육진흥공단 소마미술관,장파 Jang Pa,회화 작품 6여점,"10:00~18:00(입장마감 17:20)문화가 있는 날(매월 마지막 주 수요일 및 금요일) 야간 연장 개관(10:00~21:00, 입장마감 20:20)문화의 달(2016년 9월 23일 ~ 10월 30일) 기존과 운영시간 동일매주 월요일 및 추석 당일 휴관",메인 전시(어느 곳도 아닌 이곳) 관람 시 무료 관람문화가 있는 날 전체 관람객 무료입장문화의 달 전체 관람객 무료입장,,,/manage/upload_files/display/2019/01/07/63bb3cdd-a0c7-48ef-bc80-3a916dec01ec.jpg,D2016_인투드로잉 30-포스터.pdf_page_1.jpg,Into Drawing 30_Fluid Neon,
1관,어느 곳도 아닌 이 곳,2016-09-09,2016-12-11,종료,소마미술관 2F 전시실,국민체육진흥공단 소마미술관,"김기성, 김용관, 김지은, 박여주, 박혜수, 천대광, 카입, 한경우 등 총 8명",공간 설치 작품 8점,"10:00~18:00(입장마감 17:20)문화가 있는 날(매월 마지막 주 수요일 및 금요일) 야간 연장 개관(10:00~21:00, 입장마감 20:20)문화의 달(2016년 9월 23일 ~ 10월 30일) 기존과 운영시간 동일매주 월요일 및 추석 당일 휴관","성인 3,000원, 청소년(13~24세) 2,000원, 어린이 1,000원성인 1,500원, 청소년(13~24세) 1,000원, 어린이 500원문화가 있는 날 전체 관람객 무료입장문화의 달 전체 관람객 무료입장",,,/manage/upload_files/display/2019/01/07/87dc148c-4afd-4158-b915-98e4bcf3021a.jpg,2016_어느곳도아닌이곳_포스터.pdf_page_1.jpg,SOME WHERE NO WHERE,
1관,프리다 칼로-절망에서 피어난 천재 화가,2015-06-06,2015-09-04,종료,소마미술관 1~5 전시실,"조선일보, 국민체육진흥공단, 소마미술관, 피아룩스, 한솔BBK","프리다 칼로, 디에고 리베라 등 총 12명","회화, 드로잉, 사진, 장신구 등 총 100여점",,,,,/manage/upload_files/display/2019/01/08/d005f23a-037a-4707-b3be-587293ba5122.jpg,2015_프리다칼로_포스터.jpg,FRIDA KAHLO,
1관,"그다음 몸_담론, 실천, 재현으로서의 예술",2016-06-10,2016-08-28,종료,소마미술관 전관,국민체육진흥공단 소마미술관,"김무영, 김옥선, 김인배, 김월식, 노승복, 니키리,박보나, 박진아, 백남준, 안은미, 오석근, 유목연,이병호, 이우성, 차학경 총 15명","회화, 조각, 사진, 설치, 영상, 퍼포먼스 등 총 100여점","10:00~18:00(입장마감 17:20)문화가 있는 날(매월 마지막 주 수요일 및 금요일) 야간 연장 개관(10:00~21:00, 입장마감 20:20)매주 월요일 휴관","성인 3,000원, 청소년(13~24세) 2,000원, 어린이 1,000원성인 1,500원, 청소년(13~24세) 1,000원, 어린이 500원문화가 있는 날 전체 관람객 무료입장",,,/manage/upload_files/display/2019/01/15/4321df71-3721-4ce6-997d-08bcc56a3088.jpg,"그 다음 몸_담론, 실천, 재현으로서의 예술.jpg",BODY MATTERS,
1관,Into Drawing Plus,2021-12-29,2022-02-06,종료,소마미술관 1관 5전시실,국민체육진흥공단 / 소마미술관,"이경희, 육효진, 황원해","회화, 드로잉, 설치",10:00~18:00(17:30 입장마감),메인 전시(내일전) 관람 시 무료,,,/manage/upload_files/display/2021/11/29/009ad924-ac1f-4e4f-aeeb-69272724a33e.jpg,Into Drawing Plus_포스터.jpg,Into Drawing Plus,
1관,Into Drawing 13 현상을 잡다,2011-01-26,2011-02-13,종료,소마미술관 드로잉센터전시실[6전시실],국민체육진흥공단 소마미술관,권  혁 Hyuk Kwon,드로잉 설치,"10:00~18:00(입장마감 17:00)매주 월요일, 신정, 설날 당일 휴관","만 4세미만, 만 65세 이상, 국가유공자, 장애인 무료메인전시 (내일_오픈아카이브) 관람 시 무료 관람",,,/manage/upload_files/display/2019/01/08/f755c9f3-f774-4fe7-aaae-2f05d7867585.jpg,D2010_IntoDrawing13_포스터_초청장.pdf_page_1.jpg,Into Drawing 13_Grasp the Pheomenon,
1관,소마 인사이트_지독한 노동,2016-03-18,2016-05-29,종료,소마미술관 전관,국민체육진흥공단 소마미술관,"배윤환, 서해영, 송광익, 유봉상, 이세경, 임선이, 정원철, 정재철, 한영욱","드로잉, 회화, 조각, 오브제, 사진, 영상, 설치 등 30여점","10:00~18:00(입장마감 17:20)도슨트 시간 : [화, 수, 목, 금] 오후 2시, 4시 [토, 일] 오전 11시, 오후 1시, 2시, 4시문화가 있는 날(매월 마지막 주 수요일 및 금요일) 야간 연장 개관(10:00~21:00, 입장마감 20:20)매주 월요일 휴관","성인 3,000원, 청소년(13~24세) 2,000원, 어린이 1,000원성인 1,500원, 청소년(13~24세) 1,000원, 어린이 500원",,,/manage/upload_files/display/2019/01/08/03049d56-dfb2-4b52-8fd2-b8dac270071d.jpg,2016_소마인사이트_포스터.jpg,THE GREAT LABOUR,
1관,Into Drawing 29 악한 목동,2015-12-24,2016-01-10,종료,소마드로잉센터 전시실(제5전시실),국민체육진흥공단 소마미술관,최대진 Daejin Choi,"드로잉, 오브제, 설치 등 10여점",10:00~18:00(입장마감 17:20)매주 월요일 휴관,메인 전시 (소마 드로잉_무심) 관람 시 무료 관람,,,/manage/upload_files/display/2019/01/08/558dc308-f498-4de4-9e8e-75eac8a047cd.jpg,D2015_인투드로잉29_포스터.pdf_page_1.jpg,Into Drawing 29_Gaucho Malo,
1관,Into Drawing 28 섬,2015-11-27,2015-12-13,종료,소마드로잉센터 전시실(제5전시실),국민체육진흥공단 소마미술관,이주은 Jueun Lee,"드로잉, 오브제, 설치 등 10여점",10:00~18:00(입장마감 17:20)매주 월요일 휴관,메인 전시 (소마 드로잉_무심) 관람 시 무료 관람,,,/manage/upload_files/display/2019/01/08/05dea4ce-e1bd-4cb5-9375-61b640b4d7ff.jpg,D2015_인투드로잉28_포스터.pdf_page_1.jpg,Into Drawing 28_Island,
1관,소마드로잉센터 아카이브 등록작가 초대 : 소마 드로잉_무심(無心),2015-10-30,2016-02-14,종료,소마미술관 1~4 전시실,국민체육진흥공단 소마미술관,총 230명,"드로잉, 회화, 조각, 오브제, 사진, 영상, 설치 총 230여점","10:00~18:00(입장마감 17:20)도슨트 시간 : [화~금] 오후 2시, 4시 [주말] 오전 11시, 오후 1시, 2시, 4시문화가 있는 날(매월 마지막 주 수요일 및 금요일) 야간 연장 개관(10:00~21:00, 입장마감 20:20)매주 월요일 및 1월 1일, 설날 당일 휴관","성인 3,000원, 청소년(13~24세) 2,000원, 어린이 1,000원성인 1,500원, 청소년(13~24세) 1,000원, 어린이 500원문화가 있는 날 전체 관람객 무료 입장",,,/manage/upload_files/display/2019/01/08/57778404-8fb8-4849-bfb0-1bea07ea35c5.jpg,2015_소마드로잉_포스터.pdf_page_1.jpg,SOMA DRAWING Mindful Mindless,
1관,Into Drawing 27 증 / 층,2015-10-30,2015-11-15,종료,소마드로잉센터 전시실(제5전시실),국민체육진흥공단 소마미술관,이정동 Jungdong Lee,"드로잉, 설치 등 10여점",10:00~18:00(입장마감 17:20)매주 월요일 휴관,메인 전시 (소마 드로잉_무심) 관람 시 무료 관람,,,/manage/upload_files/display/2019/01/08/55113501-9b4f-491a-9045-98e2fc435e18.jpg,D2015_인투드로잉27-포스터.pdf_page_1.jpg,Into Drawing 27_Multiplication / Layering,
1관,표정과 몸짓_소마미술관 소장품展,2015-09-17,2015-10-18,종료,"소마미술관 제 1 ~ 4 전시실, 비디오아트홀",KSPO(국민체육진흥공단) 소마미술관,"백남준, 박수근, 박고석, 이승택 등 총 50여명","회화, 드로잉, 사진, 조각, 영상 등 총 130여점","10:00~18:00(입장마감 17:20)도슨트 시간 : [화~금] 오후 2시, 4시 [주말] 오전 11시, 오후 1시, 2시, 4시매주 월요일 및 추석 당일 휴관","성인, 대학생 3,000원, 청소년(13~18세), 예술인패스 소지자 2,000원, 어린이(12세 이하) 1,000원성인, 대학생 1,500원, 청소년(13~18세), 예술인패스 소지자 1,000원, 어린이(12세 이하) 500원만 4세미만, 만 65세 이상, 국가유공자, 장애인 무료",,,/manage/upload_files/display/2019/01/15/4321b1de-7c41-4d58-9322-501fbbba1fa1.jpg,표정과 몸짓_소마미술관 소장품.jpg,Expressions and Gestures,
1관,SOMA 야외 프로젝트 S,2015-09-18,2015-10-18,종료,"소마미술관 5전시실, 미술관 야외 공간","국민체육진흥공단, 소마미술관","국형걸+전병삼, 조은필+유재우, 양수인+카입, 손몽주+안용대, 천대광+장영철 이상 총 10명","설치, 사진, 영상, 모형, 드로잉 작품 20여점","10:00~18:00(입장마감 17:20)도슨트 시간 : [화~금] 오후 2시, 4시 [주말] 오전 11시, 오후 1시, 2시, 4시매주 월요일 및 추석 당일 휴관","성인, 대학생 3,000원, 청소년(13~18세), 예술인패스 소지자 2,000원, 어린이(12세 이하) 1,000원성인, 대학생 1,500원, 청소년(13~18세), 예술인패스 소지자 1,000원, 어린이(12세 이하) 500원만 4세미만, 만 65세 이상, 국가유공자, 장애인 무료",,,/manage/upload_files/display/2019/01/15/a79e4d24-8bb9-4671-a7c4-736f46695357.jpg,SOMA 야외 프로젝트 S.jpg,SOMA outdoor project S,
1관,"밀레, 모더니즘의 탄생",2015-01-25,2015-05-10,종료,소마미술관(올림픽공원 내),"국민체육진흥공단, 서울경제, 한국일보문화사업단",,"밀레(25점), 바르비종 & 퐁텐블로 풍경화가(39점) 등 총 20인의 작품 64점","[월, 화, 수, 목, 주말, 공휴일] 10:00~20:00(입장마감 19:20)[금] 10:00~21:00(입장마감 20:20)매월 마지막 주 월요일 휴관","성인(만19~64세) 14,000원, 청소년(만13~18세) 10,000원, 어린이(만7~12세 이하) 8,000원성인(만19~64세) 12,000원, 청소년(만13~18세) 8,000원, 어린이(만7~12세 이하) 6,000원만 4세미만, 만 65세 이상, 국가유공자 본인, 장애인(1-3급 본인과 보호자 1인) 무료특별요금 (6,000원) 만 65세 이상(신분증 지참시), 장애인 4-6급, 미취학아동 만4-6세, 국가유공자유족증 소유자(본인), 독립유공자유족증 소유자(본인), 의사상자유족증 소유자한국문화예술위원회에서 발행한 예술인패스 소지자(본인)는 성인 단체요금(12,000)으로 관람하실 수 있습니다.",,,/manage/upload_files/display/2019/01/15/f471cf12-e0db-46cf-b18a-b678e3755c4b.jpg,"밀레, 모더니즘의 탄생.JPG","Millet, Barbizon & Fontainebleau",
1관,"Into Drawing 49 김유정 유대하는 기록들, 탐색지대",2023-10-27,2023-11-26,종료,소마미술관 1관 5전시실,국민체육진흥공단/소마미술관,김유정,"설치, 회화, 영상 11점 등",10:00~18:00(17:00 입장마감),메인전시(신소장품전)관람 시 무료,,,/manage/upload_files/display/2023/10/25/9f127057-85d3-472b-9ac3-394e14174afa.jpg,포스터(인투49)-420x600-0920 (1).jpg,"Bonded Records, Explored Areas",
1관,Retro_86~88,2014-11-14,2015-01-11,종료,소마미술관 제 1~5전시실,국민체육진흥공단 소마미술관,"이상현, 조지 리키 외 총 40~50명","조각, 설치 ,회화, 드로잉, 사진자료 등 60~80여점","10:00~18:00(입장마감 17:20)도슨트 시간 : [화~금] 오후 2시, 4시 [주말] 오전 11시, 오후 1시, 2시, 4시매주 월요일 휴관","성인 3,000원, 청소년(13~24세) 2,000원, 어린이 1,000원성인 1,500원, 청소년(13~24세) 1,000원, 어린이 500원만 4세미만, 만 65세 이상, 국가유공자, 장애인 무료예술인패스 및 대학교 학생증 소지자 (청소년 요금 적용)",,,/manage/upload_files/display/2019/01/08/04f252e4-c0fc-4335-8547-6f9c55010609.jpg,2014_Retro86-88_포스터.jpg,Retro_86~88,
1관,Into Drawing 26 시선,2014-10-08,2014-10-26,종료,소마드로잉센터 전시실 (제5전시실),국민체육진흥공단 소마미술관,하태범 Taebum Ha,"조각, 사진, 드로잉 설치 등 10여점",10:00~18:00(입장마감 17:00)매주 월요일 휴관,메인 전시 (Water_천진난만) 관람 시 무료 관람,,,/manage/upload_files/display/2019/01/08/ca72b57d-4295-400f-9c2e-84fb2bd4836a.jpg,D2014_into drawing26_포스터.pdf_page_1.jpg,Into Drawing 26_White-Line of Sight,
1관,Into Drawing 25 유유자적,2014-09-12,2014-09-28,종료,소마드로잉센터 전시실(제5전시실),국민체육진흥공단 소마미술관,이윤진 Yunjin Lee,드로잉 10여점,10:00~18:00(입장마감 17:00)매주 월요일 및 추석당일 휴관,메인 전시 (Water_천진난만) 관람 시 무료 관람,,,/manage/upload_files/display/2019/01/08/ee000587-1d89-4c1c-9961-59662a26a641.jpg,D2014_into drawing25_포스터.jpg,Into Drawing 25_A Quiet Journey into Life,
1관,"Into Drawing 24 부정이 아닌 시치미, 긍정이 아닌 너스레",2014-08-15,2014-08-31,종료,소마드로잉센터 전시실(제5전시실),국민체육진흥공단 소마미술관,김은숙 Eunsook Kim,공간설치작품,10:00~18:00(입장마감 17:00)매주 월요일 및 추석당일 휴관,메인 전시 (Water_천진난만) 관람 시 무료 관람,,,/manage/upload_files/display/2019/01/08/302d38a0-35ef-4ab0-b288-7be36acc50c1.jpg,D2014_into drawing24_포스터.pdf_page_1.jpg,"Into Drawing 24_Feigned innocence rather than Negative, Idle remarks rather than Positive",
1관,Water_천진난만,2014-08-15,2014-10-26,종료,소마미술관 1~4 전시실 및 야외 공간,국민체육진흥공단 소마미술관,"강은수, 김연, 김창겸, 김창환, 박상화 ,박정선(1), 박정선(2), 백남준, 변경수, 부지현, 송창애, 안규철, 안종연, 원성원, 이기봉, 이상원, 이예린, 이용제, 정기엽, 폴 뷔리, 하원, 한호 총 22명","조각, 설치, 영상, 회화, 사진, 드로잉 등 총 40여점","10:00~18:00(입장마감 17:00)도슨트 시간 : [화~금] 오후 2시, 4시 [주말] 오전 11시, 오후 1시, 2시, 4시매주 월요일 및 추석 당일 휴관","성인 3,000원, 청소년(13~24세) 2,000원, 어린이 1,000원성인 1,500원, 청소년(13~24세) 1,000원, 어린이 500원만 4세미만, 만 65세 이상, 국가유공자, 장애인 무료예술인 패스 소지자 및 대학교 학생증 소지자는 청소년 요금 적용",,,/manage/upload_files/display/2019/01/08/58609c86-4be4-4515-8b70-683fc8768c77.jpg,2014_Water-천진난만_포스터.pdf_page_1.jpg,WATER_INNOCENCE,
1관,작가재조명_긴 호흡,2014-05-30,2014-07-27,종료,"소마미술관 제 1~5 전시실, 중정",국민체육진흥공단 소마미술관,"김차섭, 전수천, 한애규 총 3명","회화, 드로잉, 도예, 영상, 설치 등 약 120점","10:00~18:00(입장마감 17:00)도슨트 시간 : [화~금] 오후 2시, 4시 [주말] 오전 11시, 오후 1시, 2시, 4시매주 월요일 휴관","성인 3,000원, 청소년(13~24세) 2,000원, 어린이 1,000원성인 1,500원, 청소년(13~24세) 1,000원, 어린이 500원",,,/manage/upload_files/display/2019/01/15/7078b5b0-1988-472a-9084-4fd779ca54e8.jpg,작가재조명_긴 호흡.jpg,Artist Rediscovered_Deep Breaths,
1관,건축적인 조각_경계면과 잠재적 사이,2014-03-07,2014-05-11,종료,소마미술관 1~ 5전시실 및 미술관 건물 야외 및 잉여 공간,국민체육진흥공단 소마미술관,"공수경, 문경원, 박성연, 오인환, 유영호, 이길래, 이수진, 이창훈, 장윤규, 정승운, 정재철, 정해련, 채우승, 천성명, 홍명섭, AnLstudio(안기현, 이민수, 신민재), Louise Bourgeois 이상 총 17명","입체, 설치, 미디어 작품 40여점","10:00~18:00(입장마감 17:00)도슨트 시간 : [화~금] 오후 2시, 4시 [주말] 오전 11시, 오후 1시, 2시, 4시매주 월요일 휴관","성인 3,000원, 청소년(13~24세) 2,000원, 어린이 1,000원성인 1,500원, 청소년(13~24세) 1,000원, 어린이 500원",,,/manage/upload_files/display/2019/01/15/8d197bae-45c0-455b-a245-8d1901b98e84.jpg,건축적인 조각_경계면과 잠재적 사이.jpg,SPACE CRAFT - Interface and Potential Space,
1관,Into Drawing23 생성,2013-12-06,2013-12-22,종료,소마드로잉센터 전시실(제5전시실),국민체육진흥공단 소마미술관,유혜숙 Heysook Yoo,드로잉 10여점,10:00~18:00(입장마감 17:00)매주 월요일 휴관,메인 전시 (아시아 코드_空) 관람 시 무료 관람,,,/manage/upload_files/display/2019/01/08/7235a254-6f09-4464-8adf-58e549d20327.jpg,D2013_into drawing23_포스터.jpg,Into Drawing23_Becoming,
1관,Into Drawing 22 심리지리학적 동시대 추상 풍경화,2013-11-08,2013-11-24,종료,소마드로잉센터 전시실(제5전시실),국민체육진흥공단 소마미술관,손경화 Kyunghwa Shon,"드로잉, 유화, 입체 설치 등 20여점",10:00~18:00(입장마감 17:00)매주 월요일 휴관,메인 전시 (아시아 코드_空) 관람 시 무료 관람,,,/manage/upload_files/display/2019/01/08/e5f2c973-7312-4c3e-a11c-c8e659c2520e.jpg,D2013_into drawing22_포스터.jpg,Into Drawing 22_Psychogeographic Contemporary Abstract Landscapes,
1관,Into Drawing 21 매우 길거나 짧은,2013-10-11,2013-10-27,종료,소마드로잉센터 전시실(제5전시실),국민체육진흥공단 소마미술관,이창훈 Changhoon Lee,"영상, 음향, 설치 5점",10:00~18:00(입장마감 17:00)매주 월요일 휴관,메인 전시 (아시아 코드_空) 관람 시 무료 관람,,,/manage/upload_files/display/2019/01/08/6107e2b2-e5d9-429c-80d0-60497ed2e1f3.jpg,D2013_into drawing21_포스터.jpg,Into Drawing 21_Either Very Long or Short,
1관,Into Drawing 12 들을 순 없지만...,2010-12-29,2011-01-16,종료,소마미술관 드로잉센터전시실[6전시실],국민체육진흥공단 소마미술관,장형선 HyoungSun Chang,드로잉 설치,"10:00~18:00(입장마감 17:00)매주 월요일, 신정, 설날 당일 휴관","만 4세미만, 만 65세 이상, 국가유공자, 장애인 무료메인전시 (내일_오픈아카이브) 관람 시 무료 관람",,,/manage/upload_files/display/2019/01/08/7ce49c17-209c-4579-9411-7ad8fd6c38f8.jpg,D2010_IntoDrawing12_포스터_초청장.pdf_page_1.jpg,"Into Drawing 12_Can hear you, but...",
1관,아시아 코드_개최,2013-10-11,2013-12-22,종료,소마미술관 제 1~4 전시실,국민체육진흥공단 소마미술관,"권부문, 김태호, 노상균, 육근병, 홍승희(이상 한국), 야나기 유키노리, 미야지마 타츠오,와타나베 고(이상 일본), 팡 리쥔, 가오 레이(이상 중국), 수보드 굽타(인도),준 응우옌-하츠시바(베트남), 수잔 빅터(싱가포르) (총 13명)","회화, 드로잉, 사진, 영상, 설치 등 약 30여점",10:00~18:00(입장마감 17:00)매주 월요일 휴관,"성인, 대학생 3,000원, 청소년(13~18세) 2,000원, 어린이(12세이하) 1,000원성인, 대학생 1,500원, 청소년(13~18세) 1,000원, 어린이(12세이하) 500원",,,/manage/upload_files/display/2019/01/15/58234c85-888f-4f78-b6c5-caf41947f856.jpg,아시아코드_공전.JPG,Asia Code_Zero,
1관,"힘, 아름다움은 어디에 있는가?",2013-07-12,2013-09-22,종료,소마미술관 전관 및 야외전시공간,국민체육진흥공단 소마미술관,"강애란, 고명근, 김신일, 백남준, 서도호, 성동훈, 정현,  최태훈, 우웨이샨, 왕중, 인샤오펑, 오마키 신지, 안테나, 팀랩, 류포춘 총 15명(팀)","조각, 미디어, 설치 등 총 29점","10:00~18:00(입장마감 17:00)도슨트 시간 : [화~금] 오후 2시, 4시 [주말] 오전 11시, 오후 1시, 2시, 4시매주 월요일 휴관","성인 3,000원, 청소년(13~24세) 2,000원, 어린이 1,000원성인 1,500원, 청소년(13~24세) 1,000원, 어린이 500원",,,/manage/upload_files/display/2019/01/09/c6cbeef0-4401-43ba-abf6-48d16ec2a8db.jpg,힘전-포스터최종.pdf_page_1.jpg,"POWER, WHERE DOES THE BEAUTY LIE?",
1관,구_체_경_ 힐링 그라운드,2013-04-19,2013-06-23,종료,소마미술관 전관,국민체육진흥공단 소마미술관,"곽남신, 김무준, 김성윤, 김형석, 김용익, 조정화, 백남준, 김현숙, 조해영, 서동주, 윤영석, 유영호, 사윤택, 최무영, 이용덕, 이상원, 이길우, 변윤희, 최영록, 오원배, 데이비드 걸스타인, 베한트 할프헤르 등 총 22명","회화, 조각, 설치, 미디어 등 총 60여점","10:00~18:00(입장마감 17:00)도슨트 시간 : [화~금] 오후 2시, 4시 [주말] 오전 11시, 오후 1시, 2시, 4시매주 월요일 휴관","성인 3,000원, 청소년(13~24세) 2,000원, 어린이 1,000원성인 1,500원, 청소년(13~24세) 1,000원, 어린이 500원",,,/manage/upload_files/display/2019/01/15/baf5510a-af74-41f0-9155-13018c666581.jpg,2013_구체경_포스터.pdf_page_1.jpg,Sphere Body Landscape_Healing Ground,
1관,중력과 시간_움직이는 조각,2013-02-06,2013-03-31,종료,소마미술관 전관,국민체육진흥공단 소마미술관,"노해율, 박종영, 신성환, 신정필, 에브리웨어, 왕지원, 천민정, 최선호, 최종운, 하광석, 한진수 등 총 11명","조각, 설치, 영상 등 30여점","10:00~18:00(입장마감 17:00)도슨트 시간 : [목, 금] 오후 2시, 4시 [주말] 오전 11시, 오후 1시, 2시, 4시매주 월요일 및 설날 당일 휴관","성인 3,000원, 청소년(13~24세) 2,000원, 어린이 1,000원성인 1,500원, 청소년(13~24세) 1,000원, 어린이 500원",,,/manage/upload_files/display/2019/01/08/d2b0ceec-59e8-462c-a815-e777b0d43992.jpg,2013_중력과시간_포스터.pdf_page_1.jpg,Gravity and Time_Moving Sculpture,
1관,Into Drawing 19 돌연변이의 왕국,2012-11-02,2012-11-18,종료,소마미술관 제5전시실,국민체육진흥공단 소마미술관,다발킴 Dabal Kim,"드로잉, 설치 약 10여점",10:00~18:00(입장마감 17:00)매주 월요일 휴관,메인전시 (몸의 사유) 관람 시 무료 관람,,,/manage/upload_files/display/2019/01/08/b1156be8-ad1d-4443-98e9-b1980d1e609d.jpg,D2012_intodrawing19_포스터.jpg,Into Drawing 19_Kingdom of Mutation,
1관,몸의 사유_Thoughts on Body,2012-10-05,2012-12-16,종료,소마미술관 제1~4전시실,국민체육진흥공단 소마미술관,"권오상, 김기라, 김준, 데비한, 문성원, 변웅필, 육근병, 이동재, 이병호, 이용백, 이형구, 최수앙(총12명)","드로잉, 회화, 조각, 영상, 설치 등 50여점",10:00~18:00(입장마감 17:00)매주 월요일 휴관,"성인 3,000원, 청소년(13~24세) 2,000원, 어린이 1,000원성인 1,500원, 청소년(13~24세) 1,000원, 어린이 500원문화의 날(10월 20일) 무료관람Soma가는 날(10월 27일, 11월 24일) 무료관람",,,/manage/upload_files/display/2019/01/08/0e1f2176-c3a8-4138-bc41-c9cd72f2b50e.jpg,2012_몸의사유_포스터.jpg,Thoughts on Body,
1관,Into Drawing 02,2007-10-18,2007-11-25,종료,소마미술관,국민체육진흥공단,"권자연, 류승환, 홍윤정","평면, 설치 약 10여 점",10:00~18:00(입장마감 17:00)매주 월요일 휴관,,,,/manage/upload_files/xhbt/image/2007110918105729831.jpg,2007110918105729831.jpg,Into Drawing 02,
1관,Into Drawing 20 길이 된 사람들,2012-11-29,2012-12-16,종료,소마미술관 제5전시실,국민체육진흥공단 소마미술관,김순임 Soonim Kim,"드로잉,설치 약 10여점",10:00~18:00(입장마감 17:00)매주 월요일 휴관,"성인 3,000원 / 청소년 2,000원 / 어린이 1,000원메인전시 (몸의 사유) 관람 시 무료 관람",,,/manage/upload_files/display/2019/01/08/7bf8b02e-611f-4a40-b5b6-a8bc9ae39e0a.jpg,D2012_인투드로잉20_포스터.jpg,Into Drawing 20_On the Road,
1관,Into Drawing 18 무너지는 산,2012-10-05,2012-10-21,종료,소마미술관 제6전시실,국민체육진흥공단 소마미술관,아비탈 크나아티 Avital Cnaani,종이드로잉 10여점,10:00~18:00(입장마감 17:00)매주 월요일 휴관,메인전시 (몸의 사유) 관람 시 무료 관람,,,/manage/upload_files/display/2019/01/08/7d5de693-4d4f-4e37-a7b9-65c2a9396d1a.jpg,D2012_into drawing 18_포스터.pdf_page_1.jpg,Into Drawing 18_Falling Mountains,
1관,Drawing Now 06 핏줄,2012-07-06,2012-09-16,종료,소마드로잉센터 전시실,국민체육진흥공단 소마미술관,안형남 Hyongnam Ahn,"조각, 드로잉, 설치 등 약 20여점",10:00~18:00(입장마감 17:00)매주 수요일 10:00~20:00(입장마감 19:00)매주 월요일 휴관,"성인 3,000원, 청소년(13~24세) 2,000원, 어린이 1,000원성인 1,500원, 청소년(13~24세) 1,000원, 어린이 500원",,,/manage/upload_files/display/2019/01/08/4b2662a3-9449-4c80-96ae-db0428095a74.jpg,D2012_드로잉나우06_포스터.pdf_page_1.jpg,Drawing Now 06_Blood Line,
1관,백남준 탄생 80주년기념 특별전,2012-07-06,2012-09-16,종료,"소마미술관(제1~4전시실, 백남준 비디오아트홀), 몽촌해자(올림픽공원 내)",국민체육진흥공단 소마미술관,백남준,"미디어아트, 드로잉, 판화 등 총 240여점",10:00~18:00(입장마감 17:00)매주 월요일 휴관,"성인 3,000원, 청소년(13~24세) 2,000원, 어린이 1,000원성인 1,500원, 청소년(13~24세) 1,000원, 어린이 500원",,,/manage/upload_files/display/2019/01/15/8d50bb0e-b529-41f5-8102-9bdedbabcb99.jpg,백남준.jpg,Nam June Paik Spectrum,
1관,만화로 보는 세상,2012-04-06,2012-06-17,종료,소마미술관 전관,국민체육진흥공단 소마미술관,"박수동, 신문수, 윤승운, 이정문, 황주환, 기안84, 정필원, 홍작가(만화작가), 김성재, 김영호, 김은술, 김채원, 노준, 마리김, 배준성, 변대용, 신명환, 신이철, 신창용, 여동헌, 이동기, 이슬기, 이에스더, 임태규, 장파, 장형선, 최정유(현대미술작가) 등 총 27명","평면, 입체, 영상 등 총 100여점",10:00~18:00(입장마감 17:00)매주 월요일 휴관(월요일이 공휴일인 경우 개관),"성인 3,000원, 청소년(13~24세) 2,000원, 어린이 1,000원성인 1,500원, 청소년(13~24세) 1,000원, 어린이 500원Soma 가는날(4월 28일, 5월 26일) 전체관람객 무료 입장",,,/manage/upload_files/display/2019/01/08/9af8abfb-8b7e-493e-aacf-8e0fba45df0b.jpg,2012_만화로보는세상_포스터.jpg,CARTOON WORLD,
1관,한국조각 다시보기_ 그 진폭과 진동,2011-12-09,2012-02-26,종료,소마미술관 전관,국민체육진흥공단 소마미술관,"강진모, 구본주, 김기철, 김종영, 김주영, 김 준, 김태곤, 박충흠, 손정은, 심문섭, 안수진, 엄태정, 원인종, 이기칠, 이소영, 이용덕, 정재철, 최만린, 최병상, 최의순, 최종태, 함연주 등 총 22명",조각작품 총 22점,"10:00~18:00(입장마감 17:00)매주 월요일, 1월 1일,  설날 당일 휴관","성인 3,000원, 청소년(13~24세) 2,000원성인 1,500원, 청소년(13~24세) 1,000원어린이(12세미만) 무료",,,/manage/upload_files/display/2019/01/15/3355cf92-403e-4ca3-a41e-cf9b2b8be73b.jpg,한국조각 다시 보기2.jpg,Reviewing Korean Sculpture_Amplitude and vibration,
1관,Into Drawing 17 당신의 위안이 되어 드릴께요,2011-11-04,2011-11-20,종료,소마드로잉센터 전시실(제6전시실),국민체육진흥공단 소마미술관,윤성지 Sungji Yun,"오브제, 설치 작품 5점",10:00~18:00(입장마감 17:00)매주 월요일 휴관,메인전시 (조각가의 드로잉) 관람 시 무료 관람,,,/manage/upload_files/display/2019/01/08/12693bad-acba-46d3-bc1f-54188ab5d204.jpg,D2011_인투드로잉17_포스터.pdf_page_1.jpg,Into Drawing 17_Ill be Your Comfort,
1관,Into Drawing 16 깊이에의 강요,2011-10-07,2011-10-23,종료,소마드로잉센터 전시실(제6전시실),국민체육진흥공단 소마미술관,홍승희 Seunghee Hong,공간 설치 작품,10:00~18:00(입장마감 17:00)매주 월요일 및 추석 당일 휴관,메인전시 (조각가의 드로잉) 관람 시 무료 관람,,,/manage/upload_files/display/2019/01/08/ff810e5b-cdb0-484b-a12a-7d129c697247.jpg,D2011_인투드로잉16_포스터.pdf_page_1.jpg,Into Drawing 16_Der Zwangzur Tiefe,
1관,Into Drawing 15 순간을 벗다,2011-09-09,2011-09-25,종료,소마드로잉센터 전시실(제6전시실),국민체육진흥공단 소마미술관,이상민 Sangmin Lee,설치드로잉 약 10여 점,10:00~18:00(입장마감 17:00)매주 월요일 및 추석 당일 휴관,메인전시 (조각가의 드로잉) 관람 시 무료 관람,,,/manage/upload_files/display/2019/01/08/8b3b75c8-a412-4065-9523-d42d3fd3c8c3.jpg,D2011_인투드로잉15_포스터.pdf_page_1.jpg,Into Drawing 15_Out of Still,
1관,조각가의 드로잉,2011-09-09,2011-11-20,종료,소마미술관 제1~5전시실,국민체육진흥공단 소마미술관,"강은엽, 강태성, 김영원, 김청정, 박불똥, 박상숙, 박석원, 엄태정, 윤석남, 이승택, 이우환, 이종각, 이종빈, 이형구, 전준, 최만린, 최인수, 홍성도","드로잉, 조각, 설치 등 총 100여점",10:00~18:00(입장마감 17:00)매주 월요일 및 추석 당일 휴관,"성인 3,000원, 청소년(13~24세) 2,000원성인 1,500원, 청소년(13~24세) 1,000원어린이(12세이하) 무료",,,/manage/upload_files/display/2019/01/08/57e7c448-77c4-486b-9cbb-9c7405874035.jpg,2011_조각가의 드로잉_포스터.pdf_page_1.jpg,Sculptors Drawing,
1관,Trace Grace-한 소장가의 꿈. 길,2007-06-01,2007-07-04,종료,소마미술관,"소마미술관, 아트센터나비 / 국민체육진흥공단",,"회화, 판화, 조각 등 약 80여 점",10:00~18:00(입장마감 17:00)매주 월요일 휴관,,,,/manage/upload_files/display/2019/01/08/7c519d49-462f-46f3-b0c2-cd46c696c108.jpg,"2007_한소장가의 꿈,길_포스터.jpg",Trace and Grace,
1관,현대미술에 지대한 영향을 끼친 독일 예술가 요셉 보이스 : 멀티플,2011-06-16,2011-08-28,종료,소마미술관 제1~6전시실,"국민체육진흥공단, 매일경제",요셉 보이스(Joseph Beuys),"판화, 드로잉, 오브제, 필름 등 총 200여 점",10:00~18:00(입장마감 17:00)매주 월요일 휴관,"성인 9,000원, 청소년(13~24세) 7,000원, 어린이 5,000원성인 7,000원, 청소년(13~24세) 5,000원, 어린이 3,000원",,,/manage/upload_files/display/2019/01/08/6476c65e-49d9-4986-a220-e56740806e5d.jpg,2011_요셉보이스_포스터.pdf_page_2.jpg,Joseph Beuys_The Multiples,
1관,Drawing Now 04 그림에 새긴 문자,2011-04-01,2011-04-24,종료,소마미술관 제6전시실,국민체육진흥공단 소마미술관,김혜련 Heryun Kim,드로잉 35점,10:00~18:00(입장마감 17:00)매주 월요일 휴관,메인전시 (Type Wall) 관람 시 무료 관람,,,/manage/upload_files/display/2019/01/08/b55034c9-aa02-4ecb-be11-add5cc117606.jpg,D2011_드로잉나우04_포스터.pdf_page_1.jpg,Drawing Now 04_Letters Carved on Painting,
1관,Drawing Now 05 인간이 된다는 것,2011-05-05,2011-05-29,종료,소마미술관 제6전시실,국민체육진흥공단 소마미술관,레오나드 어소(Leonard Urso),회화 및 조각 드로잉 14점,10:00~18:00(입장마감 17:00)매주 월요일 휴관,메인전시 (Type Wall) 관람 시 무료 관람,,,/manage/upload_files/display/2019/01/08/26cb7ba6-0e4f-4728-8c54-ef764059c74b.jpg,D2011_드로잉나우05_포스터.pdf_page_1.jpg,Drawing Now 05_Being Human Being,
1관,Type Wall_공간이 된 작품들,2011-04-01,2011-05-29,종료,소마미술관 제1~5전시실,국민체육진흥공단 소마미술관,"김승영+오윤석, 박기원, 박기진+임승천, 이승애, 지하루+Graham Wakefield",장소특정적 설치작품 5점,10:00~18:00(입장마감 17:00)매주 월요일 휴관,"성인 3,000원, 청소년(13~24세) 2,000원, 어린이 1,000원성인 1,500원, 청소년(13~24세) 1,000원, 어린이 500원",,,/manage/upload_files/display/2019/01/08/f44952ac-13c1-4f3b-bd38-a7b9ff8a9789.jpg,2011_Type Wall_포스터.jpg,type: wall,
1관,Into Drawing 14 그린하이츠,2011-02-24,2011-03-13,종료,소마미술관 드로잉센터전시실[6전시실],국민체육진흥공단 소마미술관,연기백 Kibaik Yuon,드로잉 설치 약 10여 점,10:00~18:00(입장마감 17:00)매주 월요일 휴관,"만 4세미만, 만 65세 이상, 국가유공자, 장애인 무료메인전시 (내일_오픈아카이브) 관람 시 무료 관람",,,/manage/upload_files/display/2019/01/08/04d494d5-403f-481a-8521-b6ff0fc25979.jpg,D2010_IntoDrawing14_포스터_초청장.pdf_page_1.jpg,Into Drawing 14_Greenheights,
1관,Into Drawing 11 보이지 않는 오브제,2010-12-02,2010-12-19,종료,소마미술관 드로잉센터전시실[6전시실],국민체육진흥공단 소마미술관,김병호 Byoungho Kim,드로잉 설치 약 10여 점,"10:00~18:00(입장마감 17:00)매주 월요일, 신정, 설날 당일 휴관","만 4세미만, 만 65세 이상, 국가유공자, 장애인 무료메인전시 (내일_오픈아카이브) 관람 시 무료 관람",,,/manage/upload_files/display/2019/01/08/d5b3e901-e71d-4596-b191-c9ea30fe30d2.jpg,D2010_IntoDrawing11_포스터_초청장.pdf_page_1.jpg,Into Drawing 11_Invisible Object,
1관,내일-오픈 아카이브_Tomorrow-Open Archive,2010-12-02,2011-03-13,종료,소마미술관 제1-5전시실,국민체육진흥공단 소마미술관,"권기범, 김건일, 김선희, 김송이, 김정향, 심래정, 박상아, 박정래, 안세은, 안재홍, 안현곤, 윤상렬, 윤소림, 윤예지, 이선주, 이소영, 이영민, 임재영, 전경화, 전지민, 정명국, 정현조, 조미영, 조원희, 조현서, 차영석, 최경주, 캐슬린 킹, 허남준","드로잉, 회화, 오브제, 설치 등 100여점","10:00~18:00(입장마감 17:00)매주 월요일, 신정, 설날 당일 휴관","성인 3,000원, 청소년(13~24세) 2,000원, 어린이 1,000원성인 1,500원, 청소년(13~24세) 1,000원, 어린이 500원만 4세미만, 만 65세 이상, 국가유공자, 장애인 무료",,,/manage/upload_files/display/2019/01/08/d384d070-7fcc-4dc3-8d8b-3cce0682e425.jpg,2010_오픈아카이브_포스터.pdf_page_1.jpg,TOMORROW_OPEN ARCHIVE,
1관,한국드로잉30년:1970-2000&,2010-09-16,2010-11-21,종료,소마미술관,KSPO[국민체육진흥공단] SOMA[소마미술관],,"드로잉, 산업 드로잉, 멀티미디어 드로잉 등 총 300여 점",10:00~18:00(입장마감 17:00)매주 월요일 휴관,"성인 3,000원, 청소년(13~24세) 2,000원, 어린이 1,000원성인 1,500원, 청소년(13~24세) 1,000원, 어린이 500원",,,/manage/upload_files/display/2019/01/08/6b9fe615-d73c-4efd-911c-576b7bee12ce.jpg,2010_드로잉 30년_포스터.pdf_page_1.jpg,KOREAN AVANT-GARDE DRAWING,
1관,팝아트 슈퍼스타 키스해링,2010-06-16,2010-09-05,종료,소마미술관 전관,"국민체육진흥공단, 매일경제  소마미술관, (주)엠허스트",,"실크스크린, 석판화, 에칭, 조각 등 총150여 점","10:00~18:00(입장마감 17:00)매주 수요일 연장 개관(10:00~21:00, 입장마감 20:00)","성인 12,000원, 청소년(13~24세) 10,000원, 어린이 8,000원성인 10,000원, 청소년(13~24세) 8,000원, 어린이 6,000원",,,/manage/upload_files/display/2019/01/08/7cecd0bd-57b5-4792-9ca8-6aedf9703a83.jpg,keith Haring.jpg,POP : ART SUPERSTAR KEITH HARING 2010 SEOUL,
1관,"A3(Asia Art Award Forum, 아시아현대미술상포럼)",2010-04-08,2010-06-06,종료,소마미술관 전관,"CJ문화재단, 대안공간 루프, 국민체육진흥공단 소마미술관, 대안공간 루프, CJ문화재단","Chim Pom(일본), Shi Jin Shong(중국), Yangachi(한국), Ashok Sukumaran(인도), Jompet Kuswidananto(인도네시아), Apichatopong Weerasethakul(태국)","영상, 설치 등",10:00~18:00(입장마감 17:00)매주 월요일 휴관,"성인 3,000원, 청소년(13~24세) 2,000원, 어린이 1,000원성인 1,500원, 청소년(13~24세) 1,000원, 어린이 500원만 4세미만, 만 65세 이상, 국가유공자, 장애인 무료",,,/manage/upload_files/display/2019/01/15/c165312f-3e5a-4efb-861a-ea16bf539edd.jpg,A3_포스터.jpg,Asia Art Award,
1관,"아이로봇, i Robot",2009-12-17,2010-03-14,종료,"소마미술관 전관, 세미나실 및 일체 부대시설",국민체육진흥공단 소마미술관,"고근호, 김동호, 김  석, 김영호, 낸시랭, 노진아, 백남준, 구보다 시게코, 백종기, 용관, 유영운, 왕지원, 이기일, 이해민선, 정우철, 최우람, 등 총 16명","설치 작품 60여점, 로봇유물 33점 등 총 100여점",10:00~18:00(입장마감 17:00)매주 월요일 휴관,"성인 3,000원, 청소년(13~24세) 2,000원, 어린이 1,000원성인 1,500원, 청소년(13~24세) 1,000원, 어린이 500원",,,/manage/upload_files/display/2019/01/08/55cf330e-84fb-4862-bc70-0f8cf0408c98.jpg,2009_아이로봇_포스터.jpg,i Robot,
1관,Drawing Now 03 나무가 종이를 만나다,2009-07-09,2009-08-30,종료,소마미술관 제6전시실,국민체육진흥공단 소마미술관,"총2명(보리스 쿠라톨로_Boris Curatolo, 매리 설리번_Mary Sullivan)",조각설치 1점 외 소품,10:00~18:00(입장마감 17:00)매주 월요일 휴관,"메인전시 (드로잉조각, 공중누각) 관람시 무료관람",,,/manage/upload_files/display/2019/01/08/e7dd826c-d587-49ff-a82d-4db6522e785d.jpg,D2009_Drawing Now03_포스터.pdf_page_1.jpg,Drawing Now 03_Wood Meets Paper,
1관,앨리스뮤지엄 2009 : 퓨처 스쿨,2009-05-01,2009-06-21,종료,소마미술관,"국민체육진흥공단, SK 소마미술관, 아트센터 나비","16팀(해외 13팀, 국내 3명",21여 점,10:00~18:00(입장마감 17:00)매주 월요일 휴관,"6,000원(성인/청소년/어린이 동일요금 적용)3.000원만 4세미만, 만 65세 이상, 국가유공자, 장애인 무료",,,/manage/upload_files/display/2019/01/08/5eb486ab-0de0-4850-9659-c30118d15ed9.jpg,앨리스 뮤지엄.jpg,A.L.I.C.E. MUSEUM : Future School,
1관,Drawing Now 02 중간-드로잉,2008-06-17,2008-06-29,종료,소마드로잉센터 전시실,국민체육진흥공단 소마미술관 드로잉센터,김재광 Jaekwang Kim,드로잉 외 가변설치 작품,10:00~18:00(입장마감 17:00)매주 월요일 휴관,"성인 3,000원, 청소년(13~24세) 2,000원, 어린이 1,000원성인 1,500원, 청소년(13~24세) 1,000원, 어린이 500원만 4세미만, 만 65세 이상, 국가유공자, 장애인 무료",,,/manage/upload_files/display/2019/01/08/a9fc598a-153d-4a5c-b19c-a9ea965768df.jpg,D2008_드로잉now02_포스터.pdf_page_1.jpg,Drawing Now 02_Intermediate-Drawing,
1관,"작가재조명_신성희, 한순자",2009-09-17,2009-12-06,종료,소마미술관 전관(제1~6전시실),국민체육진흥공단 소마미술관,"신성희, 한순자 2인","회화, 드로잉, 오브제, 설치작품 등 70여점","10:00~18:00(입장마감 17:00)1,000원 문화행복의 날(매월 넷째주 토요일) 도슨트 시간 : [평일] 오전 11시, 오후2시 [주말] 오전 11시, 오후 1시, 3시, 5시매주 월요일 휴관","성인 3,000원, 청소년(13~24세) 2,000원, 어린이 1,000원성인 1,500원, 청소년(13~24세) 1,000원, 어린이 500원",,,/manage/upload_files/display/2019/01/08/d2f3dbf6-5f0f-4b98-8dfc-683c83e21ebc.jpg,2009_작가재조명_포스터.pdf_page_1.jpg,RE-DISCOVERY,
1관,서울올림픽미술관 사진전『공원 The Park』,2005-12-09,2006-02-19,종료,서울올림픽미술관 제 1~5 전시실,서울올림픽미술관 / 국민체육진흥공단,김광수 외 13명,사진작품 70여점,10:00~18:00(입장마감 17:00)매주 월요일 휴관,,,,/manage/upload_files/xhbt/image/2005112816432486783.jpg,2005112816432486783.jpg,The PARK,
1관,슈박스_Shoebox,2009-07-09,2009-08-16,종료,소마미술관 제3전시실,국민체육진흥공단 소마미술관,"총81명 (국내 3명 / 해외 78명) 한국, 일본, 대만, 중국, 미국, 영국, 스페인, 칠레, 노르웨이, 호주, 스코틀랜드, 프랑스, 캐나다, 핀란드, 독일, 페루 등 16개국 작가",소품조각 총 81점,10:00~18:00(입장마감 17:00)매주 월요일 휴관,,,,/manage/upload_files/display/2019/01/08/67e5be06-b517-4e09-974c-d0432ec5bd26.jpg,2009_슈박스_리플릿.pdf_page_1.jpg,shoe box,
1관,"드로잉조각, 공중누각(空中樓閣)",2009-07-09,2009-08-30,종료,소마미술관,"소마미술관, 국민체육진흥공단","강영민, 김세일, 박선기, 장연순, 전강옥, 함연주 총 6명",설치 작품 10여 점,10:00~18:00(입장마감 17:00)매주 월요일 휴관,,,,/manage/upload_files/display/2019/01/08/d7145394-784c-4fec-9786-01bdd3506a79.jpg,2009_공중누각_포스터.pdf_page_1.jpg,Drawing Sculpture_Bulid house in the air,
1관,Into Drawing 10 대화,2009-06-04,2009-06-28,종료,소마드로잉센터 전시실,소마미술관/국민체육진흥공단,박혜수 Hyesoo Park,10여 점,10:00~18:00(입장마감 17:00)매주 월요일 휴관,,,,/manage/upload_files/display/2019/01/08/66d1092d-24d9-444b-beb8-b07cdd1433ef.jpg,D2009_인투드로잉10_포스터_초대장.pdf_page_1.jpg,Into Drawing 10_Dialogue,
1관,Into Drawing 09 순환,2009-04-30,2009-05-24,종료,소마드로잉센터 전시실,국민체육진흥공단 소마미술관,강해인 Haein Kang,드로잉 오브제 및 설치 3점,10:00~18:00(입장마감 17:00)매주 월요일 휴관,,,,/manage/upload_files/display/2019/01/08/c79e0f6b-c94c-47a7-9e53-d93e698b69a2.jpg,D2009_인투드로잉09-포스터_초대장.pdf_page_1.jpg,Into Drawing 09_Circulation,
1관,Into Drawing 08 동시대의 삶,2009-03-26,2009-04-19,종료,소마드로잉센터 전시실,국민체육진흥공단 소마미술관,김현정 Hyunjung Kim,드로잉 오브제 및 설치 15점,10:00~18:00(입장마감 17:00)매주 월요일 휴관,,,,/manage/upload_files/display/2019/01/08/275f7fbb-9f6e-403a-8c05-23b5be12079e.jpg,D2009_인투드로잉08-포스터_초대장.pdf_page_1.jpg,Into Drawing 08_Contemporary Lives,
1관,Into Drawing 07 한 잎의 생각,2009-02-19,2009-03-15,종료,소마드로잉센터 전시실,국민체육진흥공단 소마미술관,허윤희 Yunhee Huh,드로잉 설치 약 10여 점,10:00~18:00(입장마감 17:00)매주 월요일 휴관,,,,/manage/upload_files/display/2019/01/08/a4f755fa-5d11-42aa-9894-0f93c88dd46b.jpg,D2009_인투드로잉07_포스터_초대장.jpg,Into Drawing 07_Thought of A Leaf,
1관,Emotional Drawing,2009-02-19,2009-04-19,종료,소마미술관 제1-5전시실,"국민체육진흥공단 소마미술관, 일본국제교류기금","사카가미 치유키(Chiyuki Sakagami, 일본), 이케무라 레이코(Leiko Ikemura, 일본), 아말 케나위(Amal Kenawy, 이집트), 아비쉬 케브레자데(Avish Khebrehzadeh, 이란), 김정욱(Jungwook Kim, 한국), 김소연(Soyeon Kim, 한국), 고니시 도시유키(Toshiyuki Konishi, 일본), 호세 레가스피(Jose Legaspi, 필리핀), 이영빈(Youngbin Lee, 한국), 날리니 말라니(Nalini Malani, 인도), 츠지 나오유키(Naoyuki Tsuji, 일본), 마뉴엘 오캄포(Manuel Ocampo, 필리핀), S. 테디 D.(S. Teddy D., 인도네시아), 피나리 산피탁(Pinaree Sanpitak, 대만), 미투 센(Mithu Sen, 인도), 아디티 싱(Aditi Singh, 인도), 슈시 술라이만(Shooshie Sulaiman, 말레이시아), 우고 운토로(Ugo Untoro,인도네시아)",드로잉 및 영상설치 작품 총 200여점,10:00~18:00(입장마감 17:00)매주 월요일 휴관,,,,/manage/upload_files/display/2019/01/08/ff187037-0f66-4141-8932-5de3862a266f.jpg,2009_이모셔널드로잉_포스터.pdf_page_1.jpg,Emotional Drawing,
1관,8808 OUTSIDE IN 밖에서 안으로,2008-09-17,2009-01-11,종료,소마미술관 제1~6전시실,국민체육진흥공단 소마미술관,"총10명(국내 2명/ 해외 8명) 엄태정(Taijung Um, 대한민국), 조성묵(Sungmook Cho, 대한민국), 루이즈 부르주아(Louise Bourgeois, 미국), 나이젤 홀(Nigel Hall, 영국), 브라이언 헌트(Bryan Hunt, 미국), 솔 르윗(Sol LeWitt, 미국), 데니스 오펜하임(Dennis Oppenheim, 미국), 조지 리키(George Rickey, 미국), 헤수스 라파엘 소토(Jesus Raphael Soto, 베네수엘라), 귄터 우에커(Gunther Uecker, 독일)","실내조각, 드로잉 등 총 120여 점",10:00~18:00(입장마감 17:00)매주 월요일 휴관,,,,/manage/upload_files/display/2019/01/08/899c7efb-71f2-4d17-a4ca-dc214a5ccc1f.jpg,2008_8808밖에서안으로_포스터.pdf_page_1.jpg,8808 OUT-SIDE IN,
1관,Into Drawing 06 부조리한 풍경,2008-08-14,2008-08-31,종료,소마드로잉센터 전시실,서울올림픽미술관,임선이 Suniy Im,오브제 설치 약 10여점,10:00~18:00(입장마감 17:00)매주 월요일 휴관,,,,/manage/upload_files/display/2019/01/08/d37194f6-67c5-44dd-970e-5e3d4c1c38d8.jpg,D2008_인투드로잉06-포스터.pdf_page_1.jpg,Into Drawing 06_Absurd Sights,
1관,Into Drawing 05 흔적,2008-07-24,2008-08-10,종료,소마드로잉센터 전시실,소마미술관/ SOSFO(국민체육진흥공단),이강원 Kangwon Lee,오브제 설치 약 10여점,10:00~18:00(입장마감 17:00)매주 토요일 10:00~21:00(입장마감 20:00)매주 월요일 휴관,메인전시 (프랑스디자인의 오늘) 관람 시 무료 관람,,,/manage/upload_files/display/2019/01/08/9f64a5d6-6bbc-40bd-b217-26addb2cb825.jpg,D2008_인투드로잉05-포스터.pdf_page_1.jpg,Into Drawing 05_A Trace,
1관,Into Drawing 04 동물환상곡,2008-07-03,2008-07-20,종료,소마드로잉센터 전시실,소마미술관/SOSFO(국민체육진흥공단),김소연 Soyeon Kim,"평면, 설치 약 10여점",10:00~18:00(입장마감 17:00)매주 월요일 휴관,메인전시 (프랑스디자인의 오늘) 관람 시 무료 관람,,,/manage/upload_files/display/2019/01/08/970bb747-3e8d-4869-8237-c632087de982.jpg,D2008_인투드로잉04-포스터.pdf_page_1.jpg,Into Drawing 04_Animal Fantasia,
1관,프랑스 디자인의 오늘,2008-06-17,2008-08-31,종료,소마미술관 제1 ~5 전시실,"SOSFO (국민체육진흥공단),SOMA(소마미술관), 갤러리 뤼멘, MBC","5.5 디자이너 그룹, 마탈리 크라세, 루디 보 (총 6인)",디자인 작품 총 100여 점,10:00~18:00(입장마감 17:00)매주 월요일 휴관,"성인 8,000원, 청소년(13~24세) 6,000원, 어린이 4,000원성인 6,000원, 청소년(13~24세) 4,000원, 어린이 2,000원",,,/manage/upload_files/display/2019/01/08/fd440796-81d2-450c-a400-b4ce47a0bdfd.jpg,2008_프랑스디자인의오늘_포스터.pdf_page_1.jpg,"Le design francais, aujourdhui",
1관,한국 드로잉 백년전 : 1870-1970,2008-04-04,2008-06-01,종료,소마미술관 전관,소마미술관/서울올림픽기념 국민체육진흥공단,"곽인식, 구본웅, 권진규, 김 경, 김구림, 김봉태, 김수근, 김은호, 김종영, 김 태, 김환기, 류경채, 문 신, 박고석, 박수근, 박한진, 변관식, 서세옥, 서진달, 손일봉, 송영수, 안재후, 유영국, 윤형근, 이봉렬, 이 상, 이상범, 이승택, 이우환, 이응로, 이인성, 이종우, 이중섭, 이쾌대, 임군홍, 장욱진, 정창섭, 주 경, 진 환, 최경한, 하인두, 한 묵, 황술조, 황용엽 총 50여 명","드로잉, 백묘화, 초상화 초도 등 250여 점",10:00~18:00(입장마감 17:00)매주 월요일 휴관,,,,/manage/upload_files/display/2019/01/08/83b84ca3-d6b8-4fd9-a87b-995143541b1f.jpg,2008_드로잉100년_포스터.jpg,DRAWING FROM KOREA,
1관,[내일展]그림의 대면 : 동양화와 서양화의 접경,2008-01-31,2008-03-23,종료,소마미술관 전관,서울올림픽미술관,"김산영, 김수진, 김재광, 나형민, 민정기, 박기원, 박기일, 박수만, 송윤주, 안승환, 오은희, 유근택, 엄정순, 이동엽, 정욕국, 정주영, 정진용, 최병소, 허백련, Miki Carmi, Maceo Montoya, Emily Mae Smith 총 22명",60여점,10:00~18:00(입장마감 17:00)매주 월요일 휴관,,,,/manage/upload_files/xhbt/image/2008021810474788590.jpg,2008021810474788590.jpg,Inter_viewing Paintings,
1관,"Drawing Now 01 불경한, 그리고 은밀한",2008-01-31,2008-03-23,종료,소마드로잉센터 전시실,소마미술관/국민체육진흥공단,"류지선,성유진,심정은,안진우,윤여범,이선경,이재헌,임춘희 8명",약 20여 점,10:00~18:00(입장마감 17:00)매주 월요일 휴관,,,,/manage/upload_files/display/2019/01/08/5f415971-5a16-4097-822f-3236231ee77c.jpg,D2008_드로잉now01_포스터.pdf_page_1.jpg,"Drawing Now 01_Unfaithful, and Secret",
1관,Into Drawing 03,2007-11-29,2008-01-06,종료,소마미술관,소마미술관 / 국민체육진흥공단,"송호은, 이영빈, 임태규","평면, 설치 등 약 10여 점",10:00~18:00(입장마감 17:00)매주 월요일 휴관,,,,/manage/upload_files/xhbt/image/2009033113065686449.jpg,2009033113065686449.jpg,Into Drawing 03,
1관,Into Drawing 01,2007-06-01,2007-07-04,종료,SOMA Drawing Center Space,소마드로잉센터/국민체육진흥공단,"김현숙, 윤유진, 이윤미",20여 점,10:00~18:00,,,,/manage/upload_files/display/2019/01/09/6072a2bd-43ee-494f-a034-42ad6ab7980b.jpg,intoD-poster2Final [Converted].jpg,Into Drawing 01,
1관,반 고흐에서 피카소까지,2007-04-07,2007-05-20,종료,소마미술관,"국민체육진흥공단, 조선일보사","르누아르, 반 고흐, 고갱, 모딜리아니, 피카소, 로댕 등 총 51인","회화, 드로잉, 조각 등 총 94점",11:00~20:00,,,,/manage/upload_files/display/2019/01/15/7b8ab5c5-6108-4f6e-8716-2d664e86c76e.jpg,반 고흐에서 피카소까지.jpg,Van Gogh To Picasso,
1관,작가 재조명전: 쉬지 않는 손,2007-10-18,2008-01-06,종료,소마미술관,국민체육진흥공단,"김주호, 박한진, 이건용",50여 점,10:00~18:00(입장마감 17:00)매주 월요일 휴관,,,,/manage/upload_files/xhbt/image/2007110918060946419.jpg,2007110918060946419.jpg,"Artist Rediscovered_Restless Hand, Wandering Mind",
1관,누보 팝(Les Nouveaux Pop),2007-07-12,2007-09-30,종료,소마미술관,국민체육진흥공단,크레킹 아트 회 9명,70여 점,10:00~18:00(입장마감 17:00)매주 월요일 휴관,,,,/manage/upload_files/display/2019/01/08/4a41794d-312e-4a28-a1bf-24b862fdc532.jpg,2007_누보팝_포스터.pdf_page_1.jpg,Les Nouveaux Pop,
1관,막긋기(Drawn to Drawing II),2007-02-15,2007-03-18,종료,소마미술관,국민체육진흥공단,고지영 외 43명,100여 점,10:00~18:00(입장마감 17:00)매주 월요일 휴관,,,,/manage/upload_files/xhbt/image/2007013018034152966.jpg,2007013018034152966.jpg,Drawn to Drawing II,
1관,잘긋기(Drawn to Drawing),2006-11-16,2007-01-21,종료,소마미술관,소마미술관 / 국민체육진흥공단,"강경구, 김 범, 김영실, 김 을, 김인배, 김지원, 김태헌, 김학량, 김호득, 류장복, 문성식, 박기원, 박미나, 박미현, 박용석, 배영환, 배종헌, 성능경, 안규철, 안두진, 안수연, 염성순, 오인환, 유근택, 윤동구, 이기칠, 이미경, 이부록, 이상국, 이순종, 정동석, 정승운, 잭슨홍, 주재환, 지니서, 진기종, 최진기, 허윤희, 홍명섭, 황은정(총 40인)",80여 점,10:00~18:00(입장마감 17:00)매주 월요일 휴관,,,,/manage/upload_files/xhbt/image/2006110915510645491.jpg,2006110915510645491.jpg,Drawn to Drawing,
1관,부드러움(Budro_um : Softness),2006-09-14,2006-11-02,종료,소마미술관,소마미술관,"김시연, 김윤수, 김종구, 김주현, 김 준, 김홍석, 김희경, 목진요, 신미경, 우순옥, 이용백, 정광호, 정재철, 황혜선(총 14인)",20여 점,10:00~18:00(입장마감 17:00)매주 월요일 휴관,,,,/manage/upload_files/display/2019/01/16/9e687a38-872b-4bb3-ba88-c0e8df30096b.jpg,부드러움 원래파일.jpg,Budro_um : Softness,
1관,내일 - 토끼 사냥의 필연,2006-07-20,2006-09-07,종료,소마미술관,소마미술관,뮌 / 입김 / 집단 막/ 최승훈+박선민 / 플라잉시티,,10:00~18:00(입장마감 17:00)매주 월요일 휴관,,,,/manage/upload_files/display/2019/01/15/fdb19ac5-ff89-4d97-a674-03e384a20af5.jpg,토끼 사냥의 필연.jpg,The Collaborations,
1관,파울 클레 : 눈으로 마음으로,2006-04-07,2006-07-02,종료,소마미술관,"소마미술관, 동아일보사, (주)로렌스 제프리스",파울 클레,드로잉 및 회화 작품 60점,10:00~18:00(입장마감 17:00)매주 월요일 휴관,,,,/manage/upload_files/display/2019/01/16/598b8a88-b4b1-4288-ad91-8e175b0a0641.jpg,파울클레 1.jpg,"Paul Klee_To Draw, To Paint",
1관,베를린에서 DMZ까지,2005-06-15,2005-08-21,종료,서울올림픽미술관 및 야외조각공원,"국민체육진흥공단, 문화관광부, 광복60주년기념문화사업추진위원회",국내외 작가 약 60여명,약 60여점,10:00~19:00,,,,/manage/upload_files/display/2019/01/15/e4d871cb-dbb1-4a2d-9172-07536b07ceb9.jpg,베를린에서 DMZ까지.jpg,From the Fall of the Berlin Wall to DMZ,
1관,정지와 움직임 展,2004-09-16,2004-11-28,종료,서울올림픽미술관,서울올림픽미술관,"강용면, 김 석, 김영원 김태곤, 문 주, 박석원, 박성태, 서도호, 심문섭, 안규철, 안필연, 양만기, 우순옥, 유영교, 유현미, 윤석남, 윤영석, 이승택, 이재효, 이종비, 정 현, 전수천, 조성묵, 채미현, 최만린, 최우람, 최인수, 홍순명",28 점,10:00~18:00(입장마감 17:00)매주 월요일 휴관,,,,/manage/upload_files/xhbt/image/2004102510324399449.jpg,2004102510324399449.jpg,Stillness & Movement,
1관,드로잉 박스 2022,2022-08-05,2022-08-21,종료,소마미술관 1관 1~2전시실,국민체육진흥공단 / 소마미술관,"김병호, 김정향, 류인, 백기은, 안규철, 유혜숙, 윤지은, 최만린, 나이젤 홀 등 총18명",소마미술관 소장 작가 18명의 작품 총 24점,10:00~18:00(17:30 입장마감),무료 관람,,,/manage/upload_files/display/2022/07/28/56e51fab-cf37-43cd-867f-7567f136fe84.png,420-600_v1.png,Drawing Box 2022,
1관,Into Drawing 45 김성래소녀_잃어버린 시간에 관하여,2022-09-02,2022-10-02,종료,소마미술관 1관 5전시실,국민체육진흥공단/소마미술관,김성래,"평면, 조각, 설치",10:00~18:00(17:30 입장마감),메인 전시(이만익 전) 관람 시 무료,,,/manage/upload_files/display/2022/09/01/39c02bde-796c-43f6-929c-3d8db599ad24.jpg,인투드로잉_45_포스터_420x600_1.jpg,Into Drawing 45,
1관,다시 보다 : 한국근현대미술전,2023-04-06,2023-08-27,종료,소마미술관 1관 1~5전시실,"국민체육진흥공단, 조선일보사, 디커뮤니케이션/ 소마미술관","구본웅, 권진규, 김정숙, 김종영, 김환기, 남관, 나혜석, 문신, 박래현, 박생광, 박수근, 방혜자, 배운성, 변월룡, 유영국, 이성자, 이인성, 이응노, 이중섭, 이쾌대, 장욱진, 천경자, 최욱경, 한묵, 황용엽 등 25명","회화, 조각, 드로잉 등 159점",10:00~19:00(입장마감 18:00),": 성인(만19-64세) 15,000원, 청소년 어린이(만5-18세) 9,000원, (20명이상) : 1,000원 할인무료대상: 만4세이하  / 특별할인대상: 만65세이상, 교사, 장애인, 국가유공자, 예술인패스소지자 : 9,000원문화가 있는날(매월 마지막주 수요일) : 기본요금에서 40%할인",,,/manage/upload_files/display/2023/03/03/2c31bd04-16ea-4d8d-8caf-50f63451b79e.jpg,근현대전 포스터(홈페이지용).jpg,Re_SPECT:Korean Modern Art,
1관,"Into Drawing 42,43,44",2021-08-13,2021-12-19,종료,드로잉센터 전시실(1관 5전시실),국민체육진흥공단/소마미술관,"이경희, 육효진, 황원해",작가당 약 10여점,10:00~18:00 (입장마감 17:30)매주 월요일 휴관,메인 전시(내일전) 관람시 무료,,,/manage/upload_files/display/2021/08/06/b17f4faa-33d0-4894-ae5b-7639f984c9fc.jpg,인투드로잉 포스터(기존 수정본).jpg,Into Drawing,
1관,어제 그리고 오늘 그리다,2022-02-17,2022-02-27,종료,소마미술관 1관,국민체육진흥공단/소마미술관,소마아트파운데이션 3기 회원,,,무료관람,,,/manage/upload_files/display/2022/03/03/4fba4e3f-180e-4d56-88e3-20759c1e8984.jpg,22 회원전.jpg,Drawing in time,
1관,Into Drawing 46 김혜숙낱눈 Nat-Nun,2022-10-14,2022-11-13,종료,소마미술관 1관 5전시실,국민체육진흥공단/소마미술관,김혜숙,회화,10:00~18:00(17:30입장마감),메인 전시(이만익 전) 관람 시 무료,,,/manage/upload_files/display/2022/10/11/d767e860-b470-42af-b04f-30505ccf0f31.png,인투드로잉_46_포스터_web.png,Into Drawing 46,
1관,"마주보기, 바로보기, 새로보기",2024-03-15,2024-03-24,종료,소마미술관 1관 5전시실,국민체육진흥공단/소마미술관,소마아트파운데이션 4기 회원,"드로잉, 회화, 설치, 영상 등",,무료관람,,,/manage/upload_files/display/2024/03/12/26be6131-31bf-47d0-85cd-9b7198846dda.jpg,24년 아카데미회원전 포스터.jpg,"Reflect, Review, Refresh",
1관,Into Drawing 44 황원해_Modular Vision,2021-11-19,2021-12-19,종료,소마미술관 1관 5전시실,국민체육진흥공단 / 소마미술관,황원해,"회화, 드로잉, 설치",10:00~18:00(17:30 입장마감),메인 전시(내일전) 관람 시 무료,,,/manage/upload_files/display/2021/11/17/2c931624-422c-4efe-84ac-4f9ea6246d96.jpg,인투드로잉44 포스터.jpg,Into Drawing 44,
1관,드로잉 나우 Drawing Now,2022-03-11,2022-07-24,종료,소마미술관 1관 1~5전시실,국민체육진흥공단 / 소마미술관,"김규식, 안재홍, 양대원, 유현미, 이예승, 정광희, 정석희, 조소희","회화, 조각, 사진, 설치, 애니메이션, 미디어아트 등 72여점",10:00~18:00 (17:30 입장마감),"성인(만25~64세) 3,000원, 청소년(만13~24세) 2,000원, 어린이(만7~12세) 1,000원단체(20명이상) 성인 1,500원, 청소년 1,000원, 어린이 500원만6세이하, 만65세 이상, 장애인, 국가유공자대학생, 예술인패스 소지자는 청소년 요금 적용통합권(1,2관)이용 시 : 성인 4,000원, 청소년 3,000원, 어린이 1,000원 ※단체 50%할인 적용",,,/manage/upload_files/display/2022/03/04/ec9c24b8-4148-42f1-8001-6ac0705a414b.jpg,드로잉나우 포스터(+QR).jpg,Drawing Now,
1관,이만익-별을 그리는 마음,2022-09-02,2023-03-05,종료,소마미술관 1관 1~4전시실,국민체육진흥공단/소마미술관,이만익,"故이만익 화백의 회화, 드로잉과 아카이브 200여점",10:00~18:00(17:30 입장마감),"성인(만25~64세) 3,000원, 청소년(만13~24세) 2,000원, 어린이(만7~12세) 1,000원(20명이상): 성인 1,500원, 청소년 1,000원, 어린이 500원만6세이하, 만65세이상, 장애인, 국가유공자대학생, 예술인패스 소지자는 청소년 요금 적용",,,/manage/upload_files/display/2023/01/25/c99f9382-149d-465a-afa0-3b5a34f8ff72.png,이만익(일정변경).png,Lee Manik - A Heart Missing the Star,
1관,"Into Drawing 45,46,47",2022-09-02,2022-12-25,종료,소마미술관 1관 5전시실,국민체육진흥공단/ 소마미술관,"김성래, 김혜숙, 이성재","작가 당 드로잉, 설치 작품 약 10여점 전시",10:00~18:00(17:30 입장마감),메인 전시(이만익 전) 관람 시 무료,,,/manage/upload_files/display/2022/08/22/aba18758-52b7-41bb-9e23-f7a5432931c3.png,2022인투드로잉(통합).png,"Into Drawing 45,46,47",
1관,2022 Into Drawing Plus,2023-01-06,2023-03-05,종료,소마미술관 1관 5전시실,국민체육진흥공단/소마미술관,"김성래, 김혜숙, 이성재","회화, 드로잉, 설치",10:00~18:00(17:30 입장마감),메인 전시(이만익 전) 관람 시 무료,,,/manage/upload_files/display/2023/01/25/e0220c89-9a18-4923-8aa4-47d3e3f79fff.png,인투드로잉(날짜변경).png,2022 Into Drawing Plus,
1관,Into Drawing 50 정혜련 마이그레이션,2023-12-08,2024-01-07,종료,소마미술관 1관 5전시실,국민체육진흥공단/소마미술관,정혜련,"설치,영상 등 10여점 등",10:00~18:00(17:00 입장마감),메인전시(신소장품전)관람 시 무료,,,/manage/upload_files/display/2023/11/14/d5c565dc-5e26-406e-a460-898b5baa8c4c.jpg,인투50_포스터.jpg,US2-Migration,
1관,"드로잉, 삶의 철학을 그리다",2024-04-19,2024-08-25,현재,소마미술관 1관,국민체육진흥공단/소마미술관,"강미선, 김명숙, 안규철, 유근택, 이배, 황인기/ 철학자:이진우,허경","드로잉, 회화, 설치 200여점+철학자의 재해석+소마미술관 20주년 드로잉전시 아카이브",10:00~18:00(17:30 입장마감),"성인(만25-64세) 5,000원, 청소년(만13-24세) 4,000원, 어린이(만7-12세) 3,000원성인(만25-64세) 2,500원, 청소년(만13-24세) 2,000원, 어린이(만7-12세) 1,500원만6세이하, 만65세이상, 장애인, 국가유공자예술인패스 소지자, 군인(하사 이하), 대학생(학생증, 국제학생증(ISIC)소지자) : 청소년요금 적용강동송파 지역 주민 할인 (티켓당 1,000원 할인)",,,/manage/upload_files/display/2024/03/27/854d93f6-d37f-4307-8aea-a3fcb480e0f6.jpg,[포스터]1관 드로잉삶의철학을그리다_web_poster.jpg,"Drawing,",
1관,신소장품전 靜中,2023-09-15,2024-02-18,종료,소마미술관 1관 1~4전시실,국민체육진흥공단/소마미술관,"강경구, 김병호, 김태, 류인, 이만익, 전윤정, 정헌조, 지희킴, 하태범 등 9명","회화, 드로잉 100여점, 사진 및 영상 아카이브",10:00~18:00(17:00 입장마감),"성인(만25-64세) 3,000원, 청소년(만13-24세) 2,000원, 어린이(만7-12세) 1,000원(20명이상): 성인 1,500원, 청소년 1,000원, 어린이 500원만6세이하, 만65세이상, 장애인, 국가유공자군인(하사 이하), 대학생, 예술인패스 소지자는 청소년 요금 적용",,,/manage/upload_files/display/2023/08/28/2af92801-6bb2-46be-b795-e8b3aa12f34b.jpg,포스터(신소장품전)_웹사이트용.jpg,Moving is stillness,
1관,Into Drawing 48 이채영 이해의 자리,2023-09-15,2023-10-15,종료,소마미술관 1관 5전시실,국민체육진흥공단/소마미술관,이채영,드로잉 등,10:00~18:00(17:00 입장마감),메인 전시(신소장품전) 관람 시 무료,,,/manage/upload_files/display/2023/08/24/c459c5b0-9fee-4760-bc37-74f5ffe80d72.jpg,포스터(인투48)-420x600-최종.jpg,Into Drawing 48  Place of Understanding ,
1관,"Into Drawing 48,49,50",2023-09-15,2024-01-07,종료,소마미술관 1관 5전시실,국민체육진흥공단/소마미술관,"이채영, 김유정, 정혜련","드로잉, 설치작품 등",10:00~18:00(17:00 입장마감),메인 전시(신소장품전) 관람 시 무료,,,/manage/upload_files/display/2023/08/24/5092ee8d-9be9-4403-8018-eb5e182e17ef.jpg,포스터(통합)-420x600-0824-1.jpg,"Into Drawing 48, 49, 50",
1관,Into Drawing 38 미안한데 너무 슬퍼서 말해 줄 수 없어요,2018-08-03,2018-08-19,종료,소마드로잉센터 전시실 (제6전시실),국민체육진흥공단 소마미술관,이준용 (Joonyong Yi),드로잉 400여점,"10:00~18:00(입장마감 17:20)문화가 있는날(매월 마지막 주 수요일) 야간 연장개관(10:00~21:00, 입장마감 20:20)매주 월요일 휴관",메인전시 (일부러 불편하게) 관람시 무료관람,,,/manage/upload_files/display/2019/01/07/841ebcec-ae1e-4658-827b-c4df54150243.jpg,인투38-포스터-최종.jpg,Into Drawing 38_Im sorry but it too sad to tell you,
1관,또 다른 시선,2019-03-08,2019-03-17,종료,소마미술관 1관,국민체육진흥공단 / 소마미술관,소마아트파운데이션 1기 회원,,,무료관람,,,/manage/upload_files/display/2019/03/06/2eae3441-cf2a-4849-8829-17be5647f07f.jpg,soma190306.jpg,Ways of Seeing,
1관,素畵-한국 근현대 드로잉,2019-04-12,2019-06-23,종료,소마미술관 1관,국민체육진흥공단/소마미술관,"김수자, 김종영, 김환기, 문  신, 박생광, 박서보, 박수근, 박이소, 백남준, 서세옥, 신학철, 오  윤, 오지호, 이승택, 이우환, 이응노, 이인성, 이중섭, 임옥상, 장욱진, 천경자, 최병소, 한  묵 등",국내작가 200여명의 드로잉 300여점,"10:00~18:00(입장마감 17:00)문화가 있는날(매월 마지막 주 수요일) 야간 연장 개관(10:00~21:00,입장마감20:00)매주 월요일 휴관","성인(25세~64세) 3,000원, 청소년(13세~24세) 2,000원, 어린이(7세~12세) 1,000원 성인 1,500원, 청소년(13세~24세) 1,000원, 어린이 500원 만 6세이하, 만 65세 이상, 국가유공자, 장애인 무료 20인 이상 단체관람의 인솔교사 1명 무료  예술인 패스 소지자는 청소년 할인 요금 적용 (2,000원)",,,/manage/upload_files/display/2019/03/13/fdc4b0ae-ab51-4045-9c44-0576a3c7aa08.jpg,190313.jpg,Drawing-Korean Modern and Contemporary Drawings,
1관,"안녕, 푸",2019-08-22,2020-02-02,종료,소마미술관 1관,"국민체육진흥공단, 빅토리아 앤 알버트 뮤지엄 / 소마미술관, ㈜바이스","E.H.쉐퍼드의 오리지널 드로잉, A.A.밀른의 원고 및 편지, 사진 등",곰돌이 푸 원작 속 이야기 소재 230여 점,"[8.22~11.30]10:00~20:00(입장마감 19:00)_[12.1~2.2]10:00~18:00(17:00)문화가 있는 날(매월 마지막 수요일) 야간 연장개관(10:00~21:00, 입장마감 20:00)매주 월요일 휴관","성인(만19세~64세)_15,000원/청소년(만13세~18세)_12,000원/어린이(36개월이상~만12세)_9,000원2,000원 할인 .무료_36개월 미만, 장애인 중증(기존 1~3급) 본인 및 동반 1인, 국가유공자 본인특별할인_8,000원_만 65세 이상, 장애인 경증(기존 4~6급) 본인, 국가유공자 유족 본인예술인 패스 소지자는 청소년 요금 적용문화가 있는 날 : 오후 6시 이후 입장시 50% 할인",,,/manage/upload_files/display/2019/12/30/9902792a-4dc3-435e-9c37-f7dce7b588c3.jpg,20191230.jpg,Winnie the Pooh-Exploring a Classic,
1관,Into Drawing 47 이성재할머니는 아빠의 엄마,2022-11-25,2022-12-25,종료,소마미술관 1관 5전시실,국민체육진흥공단/소마미술관,이성재,,10:00~18:00 (17:30 입장마감),메인 전시(이만익 전) 관람 시 무료,,,/manage/upload_files/display/2022/11/17/f90e332a-e122-4078-bc06-4442e8d10415.jpg,인투드로잉_47_포스터_web.jpg,Into Drawing 47,
1관,Into Drawing 42 이경희_부유하는 존재들,2021-08-13,2021-09-12,종료,소마미술관 1관 5전시실,국민체육진흥공단/소마미술관,이경희,"사진, 평면, 설치 등 10여점",10:00~18:00 (17:30 입장마감),메인 전시(내일전) 관람 시 무료,,,/manage/upload_files/display/2021/08/12/3e0d101c-8b15-4d54-8cdd-567f2ebd3af5.jpg,인투드로잉42 포스터.jpg,Into Drawing 42 Lee Kyoung Hee,
1관,Into Drawing 43 육효진_PORTAL:슬렌포니아,2021-10-01,2021-10-31,종료,소마미술관 1관 1전시실,국민체육진흥공단/소마미술관,육효진,설치 등 10여점,10:00~18:00(17:30 입장마감),,,,/manage/upload_files/display/2021/09/28/eb0d2a95-2151-4efe-871e-97435f13a6c1.jpg,인투드로잉43 포스터.jpg,Into Drawing 43,
2관,S프로젝트_Connected Tunnel,2021-12-21,2022-08-07,종료,소마미술관2관 멀티홀,국민체육진흥공단 소마미술관,이찬주,설치,※ 2관 전시 준비로 인해 임시 휴관합니다.  휴관기간: 2022.3.1~3.31/ 재오픈일: 2022. 4. 1,,,,/manage/upload_files/display/2022/05/30/aaeadba6-203f-4a5e-80db-b360815845c1.jpg,530.JPG,S project _ Connected Tunnel,
2관,스포츠아트 전시기획 공모 당선전_몸  맘,2022-04-01,2022-08-07,종료,소마미술관 2관 1~3전시실,국민체육진흥공단 / 소마미술관,"박제성, 오민수, 유지현, 이상봉, 이상용, 장비치, 장지아, 마리나 아브라모비치, 마리나 아브라모비치 인스티튜드, 오헤니오 엠퓨다, 파울라 가르시아, 콜 하나우어, 제임스 헤리스, 에비 칼로기로플로우, 미구엘 눈스, 사덱 오프, 모리츠 발데마이어","설치, 영상, 회화 등 35여점",10:00~18:00 (17:30 입장마감),"성인(만25~64세) 3,000원, 청소년(만13~24세) 2,000원, 어린이(만7~12세) 1,000원성인 1,500원, 청소년 1,000원, 어린이 500원만6세이하, 만65세 이상, 장애인, 국가유공자대학생, 예술인패스 소지자는 청소년 요금 적용통합권(1,2관 관람)이용 시 : 성인 4,000원, 청소년 3,000원, 어린이 1,000원 ※단체 50%할인 적용",,,/manage/upload_files/display/2022/03/21/82bd0215-7d34-405f-beb6-af3fb62afbd0.jpg,포스터_몸과 맘의 뫼비우스.jpg,MOMMAM,
2관,스포츠아트 기획공모 당선전  flop ,2023-03-24,2023-08-06,종료,소마미술관 2관 1~4전시실,국민체육진흥공단/ 소마미술관,"가토 츠바사, 김효재, 조희수, 크리스티안 얀콥스키, 하상현, 홍민키","평면, 입체, 사진, 영상, 설치 등 작품 30여점",10:00~18:00(17:30입장마감),": 성인(만25~64세) 3,000원, 청소년(만13~24세) 2,000원, 어린이(만7~12세) 1,000원(20명)이상 : 성인 1,500원, 청소년 1,000원, 어린이 500원: 만6세이하, 만65세 이상, 장애인, 국가유공자대학생, 군인(하사 이하), 예술인패스 소지자는 청소년 요금 적용",,,/manage/upload_files/display/2023/03/10/10735228-1e07-43b8-8b64-dec335135a5c.gif,flop_poster.gif,flop : dialectics of rules and fouls,
2관,Into Drawing 39 목줄 없는 개들,2019-08-30,2019-09-29,종료,소마미술관 2관 (3전시실),국민체육진흥공단 소마미술관,지알원 GR1,드로잉 60여점,10:00~18:00(입장마감 17:00)문화가 있는날(매월 마지막주 수요일) 야간 연장개관(10:00~20:20)매주 월요일 휴관,메인전시(조각_조각) 관람시 무료관람,,,/manage/upload_files/display/2019/07/24/d523a0cf-d3ed-47db-931a-945692caabd0.jpg,Into39.jpg,Dogs without Leash,
2관,조각_조각,2019-08-30,2019-12-22,종료,소마미술관 2관,국민체육진흥공단 / 소마미술관,국내작가 16명의 조각 및 설치작품 50여점,,10:00~18:00 (입장마감 17:00)문화가 있는날(매월 마지막주 수요일) 야간 연장개관(10:00~20:20)매주 월요일 휴관,"성인(만25~64세)_3,000원, 청소년(만13~24세)_2,000원, 어린이(만7~12세)_1,000원성인(만25~64세)_1,500원, 청소년(만13~24세)_1,000원, 어린이(만7~12세)_500원만6세 이하, 만65세 이상, 장애인, 국가유공자 대학생, 예술인패스 소지자는 청소년 요금 적용",,,/manage/upload_files/display/2019/07/31/c06cbe68-8f11-4318-84e4-d032b4eebf86.jpg,190731.jpg,PIECES_SCULPTURE,
2관,버퍼링,2019-10-11,2019-11-10,종료,소마미술관 2관 (3전시실),국민체육진흥공단 소마미술관,박관택,드로잉 설치 8점,10:00~18:00(입장마감 17:00)문화가 있는날(매월 마지막주 수요일) 야간 연장개관(10:00~20:20)매주 월요일 휴관,메인전시(조각_조각) 관람시 무료관람,,,/manage/upload_files/display/2019/09/25/b8e13ee9-b6e4-4c05-aa46-e9a2ae77f6e9.jpg,40.jpg,Buffering,
2관,우리들을 위한 작업,2019-11-22,2019-12-22,종료,소마미술관 2관 (3전시실),국민체육진흥공단 소마미술관,김수희,,문화가 있는날(매월 마지막주 수요일) 야간 연장개관(10:00~20:20)매주 월요일 휴관,메인전시(조각_조각) 관람시 무료관람,,,/manage/upload_files/display/2019/11/14/af4bd9df-911e-44d2-874e-10bf4776740d.jpg,41.jpg,Work for Us,
2관,"서울올림픽 35주년 기념전 : Futuredays: One is All, All is One",2023-09-15,2024-02-18,종료,"소마미술관 2관 1~4전시실, 조각공원","국민체육진흥공단/소마미술관, (주)메타미디어랩",신준식 외 14명,"메타버스, AI기반의 가상현실 공간체험 전시",10:00~18:00(17:00 입장마감),"(만5-18세) 12,000원, (만19-64세) 15,000원(20명이상) 개인요금에서 2,000원 할인만4세이하 무료/ 【특별할인1】12,000원(대상)송파구민, 강동구민 본인【특별할인2】10,000원(대상)만65세이상, 교사, 예술인패스, 다자녀우대소지자, 문화가있는날【특별할인3】7,000원(대상)국가유공자, 장애인, 재관람고객",,,/manage/upload_files/display/2023/09/12/e23dfa62-fd6e-48fd-a77d-326705c42698.jpg,[포스터](웹용)35주년전_게시판용.jpg,"Futuredays : One is All, All is One",
2관,뒤뷔페 그리고 빌레글레,2022-10-01,2023-02-05,종료,소마미술관 2관,"국민체육진흥공단/소마미술관, 뒤뷔페재단, 갤러리발로아, 우주스타","장 뒤뷔페, 자크 빌레글레",우를루프(Hourloupe) 시리즈 등 장 뒤뷔페의  대표작 67점 및 자크 빌레글레 작품 30여점,10:00~19:00(입장마감 18:30) / 휴관일 없음,": 성인(만19~64세) 20,000원, 초중고생 17,000원, 유아(36개월 이상) 14,000원(10명이상): 10% 할인: 장애인(동반 1인), 국가유공자, 만65세 이상 50% 할인 문화가 있는날(마지막주 수요일) : 50% 할인(연장시간만 할인적용)",,,/manage/upload_files/display/2022/12/27/f8a00f4c-dfb3-4f3a-bd9c-e655282e4be4.jpg,뒤뷔페전(포스터 이미지_날짜수정).jpg,Dubuffet-Villegle,
2관,푸룻푸룻뮤지엄: APPLE IN MY EYES,2020-07-24,2021-03-14,종료,소마미술관 2관,,,"과일을 소재로 건강한 신체, 정서적인 힐링을 형상화한 회화, 미디어작품, 설치미술 등 40여 점",10:00~19:00 (입장마감 18:00) / 매주 월요일 휴관 [3/1(월)은 정상운영],"성인 15,000원 / 청소년 13,000원 / 어린이(36개월~만12세) 11,000원2,000원 할인무료(36개월 미만) / 군, 경, 장애인, 보훈, 65세이상 7,500원",,,/manage/upload_files/display/2021/02/10/7baf316f-0886-4cf2-be7f-ee2c72153ca4.jpg,[공식]푸룻푸룻뮤지엄피크닉(포스터).jpg,Fruit fruit museum : Apple in my eyes,
2관,당신의 안녕_Dead Point and Second Wind,2021-04-09,2021-10-10,종료,소마미술관 2관 1~2전시실,국민체육진흥공단 소마미술관,"강경구, 김병관, 김원근, 김은숙, 림배지희, 이민혁, GR1, 지희킴, 하태범, 한 받 등 10명","회화, 드로잉 및 설치작품 80여점",10:00~18:00매주 월요일 휴관,"성인(만25~63세) 3,000원, 청소년(만13~24세) 2,000원, 어린이(만7~12세) 1,000원성인 1,500원, 청소년 1,000원, 어린이 500원만 6세이하, 만65세 이상, 장애인, 국가유공자대학생, 예술인패스 소지자는 청소년 요금 적용통합권(1,2관 관람) 이용 시 : 성인 4,000원, 청소년 3,000원, 어린이 1,000원  ※ 단체 50%할인 적용",,,/manage/upload_files/display/2021/07/19/3bf551ae-6e81-437a-b306-eec4f1bc3b62.jpg,당신의안녕 홈페이지(0324).jpg,Dead Point and Second Wind,
2관,스포츠x아트 스테이션,2021-12-21,2022-02-27,종료,소마미술관2관 1~3전시실,국민체육진흥공단 소마미술관,"변대용, 안성석, 윤상윤, 이연숙, 정형대, 조민서, 지희킴","평면, 입체 등",10:00~18:00 (17:30 입장마감),"성인(만25~64세) 3,000원, 청소년(만13~24세)2,000원, 어린이(만7~12세) 1,000원성인 1,500원, 청소년 1,000원, 어린이 500원만6세이하, 만65세 이상, 장애인, 국가유공자대학생, 예술인패스 소지자는 청소년 요금 적용통합권(1,2관 관람)이용 시 : 성인 4,000원, 청소년 3,000원, 어린이 1,000원 ※단체 50%할인 적용",,,/manage/upload_files/display/2021/12/13/761fa028-0037-43cc-ac54-d51e56b1fdb6.jpg,스포츠아트 포스터.jpg,SPORTS x ART STATION,
2관,드로잉 페어링 : 감각의 연결,2024-04-19,2024-08-25,현재,소마미술관 2관,국민체육진흥공단/소마미술관,"김진, 김서울, 믹스앤픽스, 박미례, 박제성, 서찬석, 신경철, 아트블랑켓, 차승언, 프로젝트그룹 옆(Yup)","회화, 드로잉, 입체 영상, 설치, 판화 60여점 & 관객참여형 프로그램",10:00~18:00(17:30 입장마감),"성인(만25-64세) 5,000원, 청소년(만13-24세) 4,000원, 어린이(만7-12세) 3,000원성인(만25-64세) 2,500원, 청소년(만13-24세) 2,000원, 어린이(만7-12세) 1,500원만6세이하, 만65세이상, 장애인, 국가유공자에술인패스 소지자, 군인(하사 이하), 대학생(학생증, 국제학생증(ISIC)소지자) : 청소년요금 적용강동송파 지역 주민 할인 (티켓당 1,000원 할인)",,,/manage/upload_files/display/2024/03/27/7cc7ee49-235d-44ac-b0c6-200d0e61e42d.jpg,[포스터]2관 드로잉체험전.jpg,Drawing Pairing : Connecting the Senses,
MOVE SOMA,MOVE SOMA 3: Neverland_9개의 소우주,2022-11-11,2023-02-28,종료,온라인미술관,국민체육진흥공단 소마미술관,"문신(한국), 세자르 발다치니(프랑스), 마리아 수비라치(스페인), 루이스 부르주아(미국), 이우환(한국), 조지리키(미국), 마우로 스타치올리(이탈리아), 데니스 오펜하임(미국), 라파엘 소토(베네수엘라)","올림픽공원 조각작품, (총 9명 작가의 작품 9점)",,,,,/manage/upload_files/display/2023/01/25/bc71b177-a54e-4f01-b6a8-fba3b2bc9fa3.png,무브소마(날짜변경).png,MOVE SOMA 3,
MOVE SOMA,MOVE SOMA 2_메타 파크,2021-11-29,2022-03-31,종료,온라인미술관,국민체육진흥공단 소마미술관,,"드로잉, 사진, 조각 등 50여점",,,,,/manage/upload_files/display/2022/02/28/3faf3875-9719-40b0-b236-a9f389918eb0.png,메타파크 전시포스터.png,MOVE SOMA 2, MOVE SOMA 2_메타파크 전시 바로가기= https://soma.kspo.or.kr/online/art/plan/88
,2022 SOMA 공공미술프로젝트,2022-10-17,2023-05-31,종료,"올림픽공원 일대(물의뜰, 대초원, 조각의 숲)",국민체육진흥공단/소마미술관,"스카이하모니, 히든캠프, 홀리데이",설치작품,,무료관람,,,/manage/upload_files/display/2022/10/12/acdb4b02-218c-46b0-8cde-b4a465a10d43.jpg,(포스터)공공미술 프로젝트.jpg,2022 SOMA,
,아웃도어 아트_코로나19를 대하는 우리의 자세,2021-03-23,2021-12-31,종료,미술관 커피숍 주변 야외,국민체육진흥공단 소마미술관,"곽남신, 김태호, 김선우",설치작품 3점,,무료,,,/manage/upload_files/display/2021/09/23/38e6656d-7220-4774-b24d-c76ba1799809.jpg,아웃도어 아트 포스터 수정_0409.jpg,Outdoor Art,
,소마미술관 소장품전,2020-01-02,2020-02-24,종료,"소마미술관 2관 3,4전시실",국민체육진흥공단 / 소마미술관,,소마미술관 소장품,10:00~18:00(입장마감 17:00)매주 월요일 휴관소마미술관은 코로나바이러스 감염증-19 예방조치를 위하여 2월 24일(월)부터 별도 안내 시까지 잠정 휴관하오니 관람객 여러분의 협조와 양해 바랍니다.,무료관람,,,/manage/upload_files/display/2019/12/30/96ed9f7f-375c-41cd-9920-59b949958905.jpg,1230-6.JPG,SOMA Collection Permanent Exhibition,
